author,highlightTitle,uuid,title,ord_in_thread,highlightText,social_vk_shares,social_stumbledupon_shares,social_linkedin_shares,social_pinterest_shares,social_gplus_shares,social_facebook_shares,social_facebook_comments,social_facebook_likes,crawled,published,thread_spam_score,thread_site_type,thread_site_full,thread_title_full,thread_performance_score,thread_title,thread_replies_count,thread_main_image,thread_uuid,thread_site_section,thread_published,thread_participants_count,thread_url,thread_country,thread_site,text,url,language,Keyword,relevent_flag,score,position
AceShowbiz.com,,26ab1f61b41342dde7835df2592f0dc2c28b73a5,Naomie Harris Defends Daniel Craig Over 'Slash My Wrist' Comment,0,,0,0,0,0,0,0,0,0,2015-10-13T21:42:39.068+03:00,2015-10-13T20:25:00.000+03:00,0,news,www.aceshowbiz.com,Naomie Harris Defends Daniel Craig Over 'Slash My Wrist' Comment,0,Naomie Harris Defends Daniel Craig Over 'Slash My Wrist' Comment,0,,26ab1f61b41342dde7835df2592f0dc2c28b73a5,http://feeds.feedburner.com/Aceshowbizcom-EntertainmentNews,2015-10-13T20:25:00.000+03:00,1,http://www.aceshowbiz.com/news/view/00089667.html,US,aceshowbiz.com,Aceshowbiz.com - Entertainment News,http://www.aceshowbiz.com/news/view/00089667.html,english,Entertainment,1,0.859648344,0.333333333
,,3c9a8e19c034593a4c5877febe606df4f11dc5a7,Kelly Ripa Gets Star on Hollywood Walk of Fame,0,,0,0,0,0,0,0,0,0,2015-10-13T17:05:15.608+03:00,2015-10-13T19:49:00.000+03:00,0,news,610kvnu.com,Kelly Ripa Gets Star on Hollywood Walk of Fame,0,Kelly Ripa Gets Star on Hollywood Walk of Fame,0,http://abcnewsradioonline.com/storage/news-images-october-2015/Getty_KellyRipa_101315.jpg?__SQUARESPACE_CACHEVERSION=1444737065464,3c9a8e19c034593a4c5877febe606df4f11dc5a7,http://www.610kvnu.com/entertainment/feed.xml,2015-10-13T19:49:00.000+03:00,0,http://610kvnu.com/entertainment/cbd105bb4301f9b35c0602b7d8a3376c,US,610kvnu.com,Entertainment,http://610kvnu.com/entertainment/cbd105bb4301f9b35c0602b7d8a3376c,english,Entertainment,1,2.578945033,0
,,f50db7ec97e678504ef72b13ff9e503474bfe6d8,US writer Hanya Yanigahara favorite for Booker Prize,0,,0,0,0,0,0,0,0,0,2015-10-13T13:55:27.183+03:00,2015-10-13T13:27:00.000+03:00,0,news,www.palmbeachpost.com,US writer Hanya Yanigahara favorite for Booker Prize,0,US writer Hanya Yanigahara favorite for Booker Prize,0,http://media.cmgdigital.com/shared/img/photos/2015/10/13/d0/60/38ba6e89c92b4d4b97e339d59cdb0fc5-e2be299f5257466e984928b83da26398-0.jpg,f50db7ec97e678504ef72b13ff9e503474bfe6d8,http://www.pbpulse.com/feeds/categories/entertainment/,2015-10-13T13:27:00.000+03:00,0,http://www.palmbeachpost.com/ap/ap/entertainment/us-writer-hanya-yanigahara-favorite-for-booker-pri/nn2Pj/,US,palmbeachpost.com,News | Entertainment,http://www.palmbeachpost.com/ap/ap/entertainment/us-writer-hanya-yanigahara-favorite-for-booker-pri/nn2Pj/,english,Entertainment,1,1.289472517,0.5
,,7d8459103c7ed47509702d22c62000eec73d3f58,One Direction teases fans with new track names,0,,0,0,0,0,0,0,0,0,2015-10-13T04:43:12.378+03:00,2015-10-13T01:08:00.000+03:00,0,news,www.newsnet5.com,One Direction teases fans with new track names,0,One Direction teases fans with new track names,0,http://sharing.newsnet5.com/sharescnn/photo/2015/10/12/1444664331_25123870_ver1.0_640_480.jpg,7d8459103c7ed47509702d22c62000eec73d3f58,http://www.newsnet5.com/feeds/rssFeed?obfType=RSS_FEED&siteId=10003&categoryId=10008,2015-10-13T01:08:00.000+03:00,0,http://www.newsnet5.com/newsy/one-direction-teases-fans-with-new-track-names,US,newsnet5.com,Entertainment | newsnet5,http://www.newsnet5.com/newsy/one-direction-teases-fans-with-new-track-names,english,Entertainment,1,1.289472517,0
newsr.in,,709f59dd1b421c22774e21054b2a880098980a47,Jennifer Lawrence gives piggyback ride to Aziz Ansari,0,,0,0,0,0,0,0,0,0,2015-10-13T04:59:11.676+03:00,2015-10-12T03:00:00.000+03:00,0,news,newsr.in,Jennifer Lawrence gives piggyback ride to Aziz Ansari - newsR,0,Jennifer Lawrence gives piggyback ride to Aziz Ansari,0,http://cdn.newsserve.net/newsR256.jpg,709f59dd1b421c22774e21054b2a880098980a47,http://newsr.in/latest/Entertainment.htm,2015-10-12T03:00:00.000+03:00,1,http://newsr.in/n/Entertainment/7559xr7rh/Jennifer-Lawrence-gives-piggyback-ride-to-Aziz-Ansari.htm,US,newsr.in,Entertainment: newsR,http://newsr.in/n/Entertainment/7559xr7rh/Jennifer-Lawrence-gives-piggyback-ride-to-Aziz-Ansari.htm,english,Entertainment,1,1.289472517,0
,,6460adbd1066c228761ce1a939210c756b5f319f,"James Taylor's mother, Gertrude, dies surrounded by family at her Martha's Vineyard home at 92",0,,0,0,0,0,0,0,0,0,2015-10-13T06:12:23.180+03:00,2015-10-12T22:20:00.000+03:00,0,news,www.brandonsun.com,"James Taylor's mother, Gertrude, dies surrounded by family at her Martha's Vineyard home at 92",0,"James Taylor's mother, Gertrude, dies surrounded by family at her Martha's Vineyard home at 92",0,http://media.winnipegfreepress.com/images/NYET110-120_2015_001938_high.jpg,6460adbd1066c228761ce1a939210c756b5f319f,http://www.brandonsun.com/rss?path=/entertainment/breaking-news,2015-10-12T22:20:00.000+03:00,0,http://www.brandonsun.com/entertainment/breaking-news/james-taylors-mother-gertrude-dies-surrounded-by-family-at-her-marthas-vineyard-home-at-92-332174682.html,US,brandonsun.com,Entertainment Breaking News,http://www.brandonsun.com/entertainment/breaking-news/james-taylors-mother-gertrude-dies-surrounded-by-family-at-her-marthas-vineyard-home-at-92-332174682.html,english,Entertainment,1,0.859648344,0.333333333
,,e21cb306feeb3a6a2e2fde0f86026e2f7c63a754,'Sunday Dinner' author shares deep regrets,0,,0,0,0,0,0,0,0,0,2015-10-13T16:57:21.201+03:00,2015-10-13T06:05:00.000+03:00,0,news,www.usatoday.com,'Sunday Dinner' author shares deep regrets,0,'Sunday Dinner' author shares deep regrets,1,http://www.gannett-cdn.com/-mm-/c8a9c499a94fda486dbb507c991370dcdc93353f/c=0-1542-3264-3386&amp;r=x1683&amp;c=3200x1680/local/-/media/2015/10/09/Nashville/Nashville/635800030782279856-Ann-Walling-headshot.jpg,e21cb306feeb3a6a2e2fde0f86026e2f7c63a754,http://www.usatoday.com/life/,2015-10-13T06:05:00.000+03:00,1,http://www.usatoday.com/story/life/nation-now/2015/10/12/sunday-dnner-author/73849206/,US,usatoday.com,"Entertainment News: Celebrity gossip blogs, photos, videos &amp; stories - USATODAY.com",http://www.usatoday.com/story/life/nation-now/2015/10/12/sunday-dnner-author/73849206/,english,Entertainment,1,0.257894503,0.2
AP,,595d99464494374fe1902a569769f444e8c4ef98,Gunmen in Haiti kill U.S. missionary in her car,0,,0,0,0,0,0,0,0,0,2015-10-13T04:39:51.465+03:00,2015-10-13T04:56:00.000+03:00,0,news,www.cbsnews.com,Gunmen in Haiti kill U.S. missionary in her car - CBS News,2,Gunmen in Haiti kill U.S. missionary in her car,2,http://cbsnews1.cbsistatic.com/hub/i/r/2015/10/13/70353ee4-7a12-48fe-9b65-e4382e78aa31/thumbnail/620x350/08d54aae9113e0faab6f896a9521ef79/missionarykilledhaiti.jpg,f0c8959a05360d3738bd6703c0f3e8d947efa8c1,http://www.cbsnews.com/,2015-10-13T04:56:00.000+03:00,3,http://www.cbsnews.com/news/gunmen-in-haiti-kill-american-missionary-in-her-car/,US,cbsnews.com,"CBS News - Breaking News, U.S., World, Business, Entertainment &amp; Video ",http://www.cbsnews.com/news/gunmen-in-haiti-kill-american-missionary-in-her-car/#post-0,english,Entertainment,1,0.257894503,0.555555556
,,9512a3dfe754655a5d5c395df430bf8ac5e7c8f9,This University Challenge contestant stole the show with more than just his brains,0,,0,0,0,0,0,0,0,0,2015-10-13T07:51:26.125+03:00,2015-10-13T00:27:00.000+03:00,0,news,www.wiltshiretimes.co.uk,This University Challenge contestant stole the show with more than just his brains,0,This University Challenge contestant stole the show with more than just his brains,0,http://www.wiltshiretimes.co.uk/resources/images/4315818/,9512a3dfe754655a5d5c395df430bf8ac5e7c8f9,http://www.wiltshiretimes.co.uk/leisure/showbiz/rss/,2015-10-13T00:27:00.000+03:00,0,http://www.wiltshiretimes.co.uk/leisure/showbiz/13842513.This_University_Challenge_contestant_stole_the_show_with_more_than_just_his_brains/?ref=rss,GB,wiltshiretimes.co.uk,Wiltshire Times | National Entertainment News,http://www.wiltshiretimes.co.uk/leisure/showbiz/13842513.This_University_Challenge_contestant_stole_the_show_with_more_than_just_his_brains/?ref=rss,english,Entertainment,1,0.515789007,0.2
,,f11925d66a08d56970709da56beebdfb0c12237a,Pets and Animals-Bloom Allowances of Owning a Pet,0,,0,0,0,0,0,0,0,0,2015-10-13T15:47:27.627+03:00,2015-10-13T12:23:00.000+03:00,0,news,www.athop.com,Pets and Animals-Bloom Allowances of Owning a Pet,0,Pets and Animals-Bloom Allowances of Owning a Pet,0,,f11925d66a08d56970709da56beebdfb0c12237a,http://www.athop.com/feed/,2015-10-13T12:23:00.000+03:00,0,http://www.athop.com/article/112081-bloom-allowances-of-owning-a-pet.html,US,athop.com,"Articles for Arts, Entertainment, Automotive, Business, Technology Athop",http://www.athop.com/article/112081-bloom-allowances-of-owning-a-pet.html,english,Entertainment,1,0.368420719,0.142857143
,,53e8f2ac277a3944c672650676db58a361cf118a,That New York twang: Nashville calls on Big Apple schools,0,,0,0,0,0,0,0,0,0,2015-10-13T07:29:34.987+03:00,2015-10-12T07:28:00.000+03:00,0,news,www.whio.com,That New York twang: Nashville calls on Big Apple schools,0,That New York twang: Nashville calls on Big Apple schools,0,http://media.cmgdigital.com/shared/img/photos/2015/10/12/35/d4/48eb3e592dc04ac0887326a24e75ab6f-c42757f106994e4ca098e085c83972b2-0.jpg,53e8f2ac277a3944c672650676db58a361cf118a,http://www.whio.com/feeds/categories/entertainment/,2015-10-12T07:28:00.000+03:00,0,http://www.whio.com/ap/ap/entertainment/that-new-york-twang-nashville-calls-on-big-apple-s/nnzkf/,US,whio.com,News | Entertainment,http://www.whio.com/ap/ap/entertainment/that-new-york-twang-nashville-calls-on-big-apple-s/nnzkf/,english,Entertainment,1,1.289472517,0.5
,,e278833e2af0a337b12d87e89f26630b04c22518,"Even as Knicks lose games, Anthony hasn't lost his patience",0,,0,0,0,0,0,0,0,0,2015-10-01T00:20:35.065+03:00,2015-10-01T00:17:00.000+03:00,0,news,www.greenfieldreporter.com,"Even as Knicks lose games, Anthony hasn't lost his patience",0,"Even as Knicks lose games, Anthony hasn't lost his patience",0,http://cdn1.greenfieldreporter.com/gr_assets/images/dr_logo.jpg,e278833e2af0a337b12d87e89f26630b04c22518,http://www.greenfieldreporter.com//feed/sec/6000,2015-10-01T00:17:00.000+03:00,0,http://www.greenfieldreporter.com/view/story/82b71404a7bd414e8e4201e40f202e34/BKN--Knicks-Anthonys-Attitude,US,greenfieldreporter.com,GreenfieldReporter.com - Sports News,http://www.greenfieldreporter.com/view/story/82b71404a7bd414e8e4201e40f202e34/BKN--Knicks-Anthonys-Attitude,english,Sports,1,0.68195087,0.333333333
Jason Rowan,,8d66c05ef429e688b83a4490368cb5b76f266773,"Thomas slams TMZ???s Manziel report, compares it to ???Onion???",0,,0,0,0,0,0,0,0,0,2015-10-01T02:04:25.722+03:00,2015-09-30T03:00:00.000+03:00,0,news,www.msn.com,"Thomas slams TMZ???s Manziel report, compares it to ???Onion???",0,"Thomas slams TMZ???s Manziel report, compares it to ???Onion???",26,,a0eceefd456edd8748c8b8f31dbbe5c145b56ad7,http://www.msn.com/en-us/sports,2015-09-30T03:00:00.000+03:00,25,http://www.msn.com/en-us/sports/nfl/thomas-slams-tmz%e2%80%99s-manziel-report-compares-it-to-%e2%80%98onion%e2%80%99/ar-AAeXOGT,US,msn.com,"Sports News, Scores, Schedules, Standings, Stats, Photos, Videos - MSN Sports",http://www.msn.com/en-us/sports/nfl/thomas-slams-tmz%e2%80%99s-manziel-report-compares-it-to-%e2%80%98onion%e2%80%99/ar-AAeXOGT#post-0,english,Sports,1,0.409170522,0.111111111
kmattioli@sportingnews.com (Kami Mattioli),,5d51a18a8f8aa005b9953e5a892889b5071337ca,Larry Brown apologizes in SMU's response to NCAA sanctions,0,,0,0,0,0,0,0,0,0,2015-10-02T13:50:58.729+03:00,2015-09-30T03:00:00.000+03:00,0,news,www.msn.com,Larry Brown apologizes in SMU's response to NCAA sanctions,0,Larry Brown apologizes in SMU's response to NCAA sanctions,0,,5d51a18a8f8aa005b9953e5a892889b5071337ca,http://www.msn.com/en-us/sports/ncaabk,2015-09-30T03:00:00.000+03:00,1,http://www.msn.com/en-us/sports/news/larry-brown-apologizes-in-smus-response-to-ncaa-sanctions/ar-AAeVIOR,US,msn.com,"NCAA BK News, Scores, Schedule, Standings, Stats, Photos, Videos - Basketball - MSN Sports",http://www.msn.com/en-us/sports/news/larry-brown-apologizes-in-smus-response-to-ncaa-sanctions/ar-AAeVIOR,english,Sports,1,0.170487717,0.083333333
,,0c1ef5b3448c5063ba02018f53df2af392642240,"F1: FIA revises 2016 schedule, eight races receive new dates",0,,0,0,0,0,0,0,0,0,2015-10-01T00:24:27.189+03:00,2015-09-30T23:18:00.000+03:00,0,news,www.newsdump.com,"F1: FIA revises 2016 schedule, eight races receive new dates",0,"F1: FIA revises 2016 schedule, eight races receive new dates",0,,0c1ef5b3448c5063ba02018f53df2af392642240,http://www.newsdump.com/feed/,2015-09-30T23:18:00.000+03:00,0,http://www.newsdump.com/article/f1-fia-revises-2016-schedule-eight-races-receive-new-dates,CZ,newsdump.com,"NewsDump.com, US News, Headlines, Latest USA News, US Sports, US Politics, Football, Business, Celebs, Baseball, Hockey, Basketball",http://www.newsdump.com/article/f1-fia-revises-2016-schedule-eight-races-receive-new-dates,english,Sports,1,0.120344271,0.071428571
,,47f726fa47c1fb1387ed800b1ba668d17fbe1837,"TLC's 'Sex in Public' Not Nearly As Exciting As It Sounds, Incites PTC Outrage Anyway",0,,0,0,0,0,0,0,0,0,2015-10-01T00:24:30.878+03:00,2015-09-30T23:06:00.000+03:00,0,news,www.newsdump.com,"TLC's 'Sex in Public' Not Nearly As Exciting As It Sounds, Incites PTC Outrage Anyway",0,"TLC's 'Sex in Public' Not Nearly As Exciting As It Sounds, Incites PTC Outrage Anyway",0,,47f726fa47c1fb1387ed800b1ba668d17fbe1837,http://www.newsdump.com/feed/,2015-09-30T23:06:00.000+03:00,0,http://www.newsdump.com/article/tlcs-sex-in-public-not-nearly-as-exciting-as-it-sounds-incites-ptc-outrage-anyway,CZ,newsdump.com,"NewsDump.com, US News, Headlines, Latest USA News, US Sports, US Politics, Football, Business, Celebs, Baseball, Hockey, Basketball",http://www.newsdump.com/article/tlcs-sex-in-public-not-nearly-as-exciting-as-it-sounds-incites-ptc-outrage-anyway,english,Sports,1,0.120344271,0.071428571
,,af406f699716fa245b00224b21c6d7532b6b976a,Tom Brady Says Experience Has Been Key,0,,0,0,0,0,0,0,0,0,2015-10-01T06:15:53.149+03:00,2015-09-30T13:29:00.000+03:00,0,news,cinesport.boston.com,Tom Brady Says Experience Has Been Key,0,Tom Brady Says Experience Has Been Key,0,,af406f699716fa245b00224b21c6d7532b6b976a,http://cinesport.boston.com/boston-globe-sports/rss.xml,2015-09-30T13:29:00.000+03:00,0,http://cinesport.boston.com/boston-globe-sports/tom-brady-says-experience-has-been-the-key-to-their-offensive-success/,US,boston.com,Boston Sports,http://cinesport.boston.com/boston-globe-sports/tom-brady-says-experience-has-been-the-key-to-their-offensive-success/,english,Sports,1,1.022926304,0
timesofindia.indiatimes.com,,dabcce206772392bfb84fa9733d605505bf2318e,"Dygert, White give US another 1-2 finish at cycling worlds",0,,0,0,0,0,0,0,0,0,2015-10-01T00:22:59.077+03:00,2015-09-26T18:32:00.000+03:00,0,news,timesofindia.indiatimes.com,"Dygert, White give US another 1-2 finish at cycling worlds - The Times of India",0,"Dygert, White give US another 1-2 finish at cycling worlds",0,http://timesofindia.indiatimes.com/photo/47529300.cms,dabcce206772392bfb84fa9733d605505bf2318e,http://timesofindia.indiatimes.com/Sports/More-sports/Cycling/articlelist/3413195.cms,2015-09-26T18:32:00.000+03:00,1,http://timesofindia.indiatimes.com/sports/more-sports/cycling/Dygert-White-give-US-another-1-2-finish-at-cycling-worlds/articleshow/49112578.cms,IL,indiatimes.com,Cycling - More sports - Sports - The Times of India,http://timesofindia.indiatimes.com/sports/more-sports/cycling/Dygert-White-give-US-another-1-2-finish-at-cycling-worlds/articleshow/49112578.cms,english,Sports,1,0.818341043,0
Jared Turner,,f7dbc1c6fbcacbc3dfe890d91439f5324e47ca23,"In danger of missing next Chase round, is Dale Jr. done for?",0,,0,0,0,0,0,0,0,0,2015-10-02T01:45:30.763+03:00,2015-09-30T03:00:00.000+03:00,0,news,www.msn.com,"In danger of missing next Chase round, is Dale Jr. done for?",0,"In danger of missing next Chase round, is Dale Jr. done for?",0,,f7dbc1c6fbcacbc3dfe890d91439f5324e47ca23,http://www.msn.com/en-us/sports/motorsports,2015-09-30T03:00:00.000+03:00,1,http://www.msn.com/en-us/sports/motorsports/in-danger-of-missing-next-chase-round-is-dale-jr-done-for/ar-AAeVLOM,US,msn.com,"NASCAR / Motors News, Race Results, Schedule, Standings, Photos, Videos - MSN Sports",http://www.msn.com/en-us/sports/motorsports/in-danger-of-missing-next-chase-round-is-dale-jr-done-for/ar-AAeVLOM,english,Sports,1,0.185986601,0.090909091
Manhunt Under Way After Convicted Killer Mistakenly Set Free in Louisiana,,a99830ada14c9d0882ed6f569e36d1c69f6e81d4,Former minor-league hockey player charged with killing wife,0,,0,0,0,0,0,0,0,0,2015-10-01T13:03:27.139+03:00,2015-09-30T03:00:00.000+03:00,0,news,www.msn.com,Former minor-league hockey player charged with killing wife,0,Former minor-league hockey player charged with killing wife,0,,a99830ada14c9d0882ed6f569e36d1c69f6e81d4,http://www.msn.com/en-us/sports/nhl,2015-09-30T03:00:00.000+03:00,1,http://www.msn.com/en-us/sports/nhl/former-minor-league-hockey-player-charged-with-killing-wife/ar-AAeXYjK,US,msn.com,"NHL News, Scores, Schedule, Standings, Stats, Photos, Videos - Ice Hockey - MSN Sports",http://www.msn.com/en-us/sports/nhl/former-minor-league-hockey-player-charged-with-killing-wife/ar-AAeXYjK,english,Sports,1,0.170487717,0.083333333
Brett Frieman,,1d17e69161312adec90763b7dba976deb99315a4,2015-16 Pre-season game 5: Bolts get slapped by Pens in Johnstown,0,,0,0,0,0,0,0,0,0,2015-10-01T04:43:45.346+03:00,2015-09-30T03:00:00.000+03:00,0,news,www.msn.com,2015-16 Pre-season game 5: Bolts get slapped by Pens in Johnstown,0,2015-16 Pre-season game 5: Bolts get slapped by Pens in Johnstown,0,,1d17e69161312adec90763b7dba976deb99315a4,http://www.msn.com/en-us/sports/nhl,2015-09-30T03:00:00.000+03:00,1,http://www.msn.com/en-us/sports/nhl/2015-16-pre-season-game-5-bolts-get-slapped-by-pens-in-johnstown/ar-AAeWqfQ,US,msn.com,"NHL News, Scores, Schedule, Standings, Stats, Photos, Videos - Ice Hockey - MSN Sports",http://www.msn.com/en-us/sports/nhl/2015-16-pre-season-game-5-bolts-get-slapped-by-pens-in-johnstown/ar-AAeWqfQ,english,Sports,1,0.170487717,0.083333333
Manhunt Under Way After Convicted Killer Mistakenly Set Free in Louisiana,,6c2883257460e71d5497345c68a73a7e4af0be6c,Mourinho blasts Chelsea's 'ridiculous' defensive errors,0,,0,0,0,0,0,0,0,0,2015-10-01T02:38:37.641+03:00,2015-09-30T03:00:00.000+03:00,0,news,www.msn.com,Mourinho blasts Chelsea's 'ridiculous' defensive errors,0,Mourinho blasts Chelsea's 'ridiculous' defensive errors,0,,6c2883257460e71d5497345c68a73a7e4af0be6c,http://www.msn.com/en-us/sports/soccer,2015-09-30T03:00:00.000+03:00,1,http://www.msn.com/en-us/sports/uefa-champions-league/mourinho-blasts-chelseas-ridiculous-defensive-errors/ar-AAeVLC9,US,msn.com,"Soccer News, Scores, Schedule, Standings, Stats, Photos, Videos - MSN Sports",http://www.msn.com/en-us/sports/uefa-champions-league/mourinho-blasts-chelseas-ridiculous-defensive-errors/ar-AAeVLC9,english,Sports,1,0.204585261,0.1
,,0c2e73e768c08bf1b5f3a66fc9d0b6cb93636ace,Wall Street enters 4Q wondering if worst is over,0,,0,0,0,0,0,0,0,0,2015-10-01T00:25:33.863+03:00,2015-09-30T23:06:00.000+03:00,0,news,www.newsdump.com,Wall Street enters 4Q wondering if worst is over,0,Wall Street enters 4Q wondering if worst is over,0,,0c2e73e768c08bf1b5f3a66fc9d0b6cb93636ace,http://www.newsdump.com/feed/,2015-09-30T23:06:00.000+03:00,0,http://www.newsdump.com/article/wall-street-enters-4q-wondering-if-worst-is-over,CZ,newsdump.com,"NewsDump.com, US News, Headlines, Latest USA News, US Sports, US Politics, Football, Business, Celebs, Baseball, Hockey, Basketball",http://www.newsdump.com/article/wall-street-enters-4q-wondering-if-worst-is-over,english,Sports,1,0.120344271,0.071428571
,,4b375bc0bfc8b93cf6d558f0662949e431c69737,Microsoft Finally Responds to Ongoing Privacy Concerns In Windows 10,0,,0,0,0,0,0,0,0,0,2015-10-01T00:20:53.049+03:00,2015-10-01T00:05:00.000+03:00,0,news,www.newsdump.com,Microsoft Finally Responds to Ongoing Privacy Concerns In Windows 10,0,Microsoft Finally Responds to Ongoing Privacy Concerns In Windows 10,0,,4b375bc0bfc8b93cf6d558f0662949e431c69737,http://www.newsdump.com/feed/,2015-10-01T00:05:00.000+03:00,0,http://www.newsdump.com/article/microsoft-finally-responds-to-ongoing-privacy-concerns-in-windows-10,CZ,newsdump.com,"NewsDump.com, US News, Headlines, Latest USA News, US Sports, US Politics, Football, Business, Celebs, Baseball, Hockey, Basketball",http://www.newsdump.com/article/microsoft-finally-responds-to-ongoing-privacy-concerns-in-windows-10,english,Sports,1,0.120344271,0.071428571
MST Sports,,ff46a37eff66b5d6f6e94c75cf543c8a681fd70e,"PBA Season 41 to focus on talent, strategy",0,,0,0,0,0,0,0,0,0,2015-10-01T00:28:28.948+03:00,2015-09-30T19:01:00.000+03:00,0,news,manilastandardtoday.com,"PBA Season 41 to focus on talent, strategy",0,"PBA Season 41 to focus on talent, strategy",0,http://manilastandardtoday.com/panel/_files/images/default/default-thumb.jpg,ff46a37eff66b5d6f6e94c75cf543c8a681fd70e,http://manilastandardtoday.com/feed/sports/,2015-09-30T19:01:00.000+03:00,1,http://manilastandardtoday.com/2015/10/01/pba-season-41-to-focus-on-talent-strategy/,CA,manilastandardtoday.com,The Standard Sports,http://manilastandardtoday.com/2015/10/01/pba-season-41-to-focus-on-talent-strategy/,english,Sports,1,1.022926304,0
,,289cfc8d60f3ccdf86db28661f65a2fc6508704d,Waltrip Brothers tee it up for 6th annual Charity Championship,0,,0,0,0,0,0,0,0,0,2015-10-23T20:05:14.195+03:00,2015-10-23T19:00:00.000+03:00,0,news,www.foxsports.com,Waltrip Brothers tee it up for 6th annual Charity Championship,0,Waltrip Brothers tee it up for 6th annual Charity Championship,0,http://a.fssta.com/content/dam/fsdigital/fscom/nascar/images/shakeandbake/2015/10/23/NASCAR_WBCC.vresize.1200.675.high.22.jpg,289cfc8d60f3ccdf86db28661f65a2fc6508704d,http://api.foxsports.com/v1/rss?partnerKey=zBaFxRyGKCfxBagJG9b8pqLyndmvo7UU&tag=nascar,2015-10-23T19:00:00.000+03:00,0,http://www.foxsports.com/nascar/shake-and-bake/waltrip-brothers-charity-championship-darrell-waltrip-michael-waltrip-travis-tritt-102315?cmpid=feed:-sports-CQ-RSS-Feed,,foxsports.com,FOX Sports Digital,http://www.foxsports.com/nascar/shake-and-bake/waltrip-brothers-charity-championship-darrell-waltrip-michael-waltrip-travis-tritt-102315?cmpid=feed:-sports-CQ-RSS-Feed,english,Technology,0,0,0
,,4fd6df0a4b2748c5f6e7dabccd0233bbba598c17,"States, business groups challenge Obama's carbon rules in court",0,,0,0,0,0,0,0,0,0,2015-10-23T23:44:14.159+03:00,2015-10-23T22:36:00.000+03:00,0,news,www.newsdump.com,"States, business groups challenge Obama's carbon rules in court",0,"States, business groups challenge Obama's carbon rules in court",0,,4fd6df0a4b2748c5f6e7dabccd0233bbba598c17,http://www.newsdump.com/feed/,2015-10-23T22:36:00.000+03:00,0,http://www.newsdump.com/article/states-business-groups-challenge-obamas-carbon-rules-in-court,CZ,newsdump.com,"NewsDump.com, US News, Headlines, Latest USA News, US Sports, US Politics, Football, Business, Celebs, Baseball, Hockey, Basketball",http://www.newsdump.com/article/states-business-groups-challenge-obamas-carbon-rules-in-court,english,Technology,0,0,0
,,f14a26b48be79c8ccc1f4b61b862c62e26f7073a,Heroes of the Storm Halloween Event Kicks Off Next Week,0,,0,0,0,0,0,0,0,0,2015-10-23T23:56:28.295+03:00,2015-10-23T22:08:00.000+03:00,0,news,www.newsdump.com,Heroes of the Storm Halloween Event Kicks Off Next Week,0,Heroes of the Storm Halloween Event Kicks Off Next Week,0,,f14a26b48be79c8ccc1f4b61b862c62e26f7073a,http://www.newsdump.com/feed/,2015-10-23T22:08:00.000+03:00,0,http://www.newsdump.com/article/heroes-of-the-storm-halloween-event-kicks-off-next-week,CZ,newsdump.com,"NewsDump.com, US News, Headlines, Latest USA News, US Sports, US Politics, Football, Business, Celebs, Baseball, Hockey, Basketball",http://www.newsdump.com/article/heroes-of-the-storm-halloween-event-kicks-off-next-week,english,Technology,0,0,0
,,da3cadd5620bca7f5fb2523921a5e83f566de892,This week???s Charlotte-area football games,0,,0,0,0,0,0,0,0,0,2015-10-23T02:41:25.433+03:00,2015-10-23T02:06:00.000+03:00,0,news,www.newsdump.com,This week???s Charlotte-area football games,0,This week???s Charlotte-area football games,0,,da3cadd5620bca7f5fb2523921a5e83f566de892,http://www.newsdump.com/feed/,2015-10-23T02:06:00.000+03:00,0,http://www.newsdump.com/article/this-weeks-charlottearea-football-games,CZ,newsdump.com,"NewsDump.com, US News, Headlines, Latest USA News, US Sports, US Politics, Football, Business, Celebs, Baseball, Hockey, Basketball",http://www.newsdump.com/article/this-weeks-charlottearea-football-games,english,Technology,0,0,0
webmaster@whatech.com.au (Stern Curator),,d9d6ac40504a0ea49a4c96644c48df8587270ee5,Embrace the New age ??? If your workplace isn???t digital you're already behind your competition,0,,0,0,0,0,0,0,0,0,2015-10-13T20:15:42.100+03:00,2015-10-12T07:04:00.000+03:00,0,news,www.whatech.com,Embrace the New age ??? If your workplace isn???t digital you're already behind your competition,0,Embrace the New age ??? If your workplace isn???t digital you're already behind your competition,0,,d9d6ac40504a0ea49a4c96644c48df8587270ee5,http://www.whatech.com/?format=feed&type=rss,2015-10-12T07:04:00.000+03:00,1,https://www.whatech.com/outsourced-it-services/news/100436-lan542-embrace-the-new-age-if-your-workplace-isn-t-digital-your-already-behind-your-competition,AU,whatech.com,WhaTech -  Technology News | Supplier Sourcing |  Community - WhaTech,https://www.whatech.com/outsourced-it-services/news/100436-lan542-embrace-the-new-age-if-your-workplace-isn-t-digital-your-already-behind-your-competition,english,Technology,1,0.381973401,0.166666667
,,d54b7131267941abacea5ab19c49400f10f061a9,Sundance Channel launches on Orange TV in France,0,,0,0,0,0,0,0,0,0,2015-10-13T12:47:26.413+03:00,2015-10-13T10:19:00.000+03:00,0,news,www.rapidtvnews.com,Sundance Channel launches on Orange TV in France,0,Sundance Channel launches on Orange TV in France,0,http://www.rapidtvnews.com/templates/rapidtvnews2014/images/touch-icon-ipad-retinabig.png,d54b7131267941abacea5ab19c49400f10f061a9,http://rapidtvnews.com//feed/rss.html,2015-10-13T10:19:00.000+03:00,0,http://www.rapidtvnews.com/2015101340247/sundance-channel-launches-on-orange-tv-in-france.html,FR,rapidtvnews.com,Rapid TV News - Broadcast Technology Daily,http://www.rapidtvnews.com/2015101340247/sundance-channel-launches-on-orange-tv-in-france.html,english,Technology,1,0.445635635,0.166666667
Michelle Gorin,,eed9ecb151ba043e65b3cc3f6940f8a74a1fe8c7,Eastern Kentucky University Ranked Best Online College in Kentucky,0,,0,0,0,0,0,0,0,0,2015-10-13T10:29:17.331+03:00,2015-10-13T03:00:00.000+03:00,0,news,www.prweb.com,Eastern Kentucky University Ranked Best Online College in Kentucky,0,Eastern Kentucky University Ranked Best Online College in Kentucky,0,http://ww1.prweb.com/prfiles/2015/10/07/13010150/ACO-Best-Online-Colleges-KY-2016.png,eed9ecb151ba043e65b3cc3f6940f8a74a1fe8c7,http://www.prweb.com/rss2/technology.xml,2015-10-13T03:00:00.000+03:00,1,http://www.prweb.com/releases/2015/10/prweb13010150.htm,US,prweb.com,Technology,http://www.prweb.com/releases/2015/10/prweb13010150.htm,english,Technology,1,2.673813809,0
admin,,fbd3b1d20ca1331b46e9ec32cda7563856db1703,Tenable Network Security Reduces Cloud Infrastructure Attack Surface with New Capabilities in Nessus v6,0,,0,0,0,0,0,0,0,0,2015-10-13T12:22:19.360+03:00,2015-10-13T11:00:00.000+03:00,0,news,www.freshnews.com,Tenable Network Security Reduces Cloud Infrastructure Attack Surface with New Capabilities in Nessus v6,0,Tenable Network Security Reduces Cloud Infrastructure Attack Surface with New Capabilities in Nessus v6,0,,fbd3b1d20ca1331b46e9ec32cda7563856db1703,http://freshnews.com//news/technology/feed,2015-10-13T11:00:00.000+03:00,1,http://www.freshnews.com/news/1139335/tenable-network-security-reduces-cloud-infrastructure-attack-surface-new-capabilities-,US,freshnews.com,FreshNews.com - Technology News,http://www.freshnews.com/news/1139335/tenable-network-security-reduces-cloud-infrastructure-attack-surface-new-capabilities-,english,Technology,1,0.89127127,0.333333333
,,d3cb56fdcec99af1d8d3525396a2726e3f21fdd1,16 Highly Anticipated Late-Breaking Clinical Trials To Be Presented At VIVA 15,0,,0,0,0,0,0,0,0,0,2015-10-13T23:57:49.154+03:00,2015-10-13T11:30:00.000+03:00,0,news,www.bio-medicine.org,16 Highly Anticipated Late-Breaking Clinical Trials To Be Presented At VIVA 15,0,16 Highly Anticipated Late-Breaking Clinical Trials To Be Presented At VIVA 15,0,,d3cb56fdcec99af1d8d3525396a2726e3f21fdd1,http://www.bio-medicine.org/inc/biomed/medicine-technology.asp,2015-10-13T11:30:00.000+03:00,0,http://www.bio-medicine.org/medicine-technology-1/16-Highly-Anticipated-Late-Breaking-Clinical-Trials-To-Be-Presented-At-VIVA-15-48877-1/,US,bio-medicine.org,Latest Medical Technology from Bio-Medicine.Org,http://www.bio-medicine.org/medicine-technology-1/16-Highly-Anticipated-Late-Breaking-Clinical-Trials-To-Be-Presented-At-VIVA-15-48877-1/,english,Technology,1,0.668453452,0.25
Chris Kerins,,5e8ec4c14f417a33283f5e439d9c9a750485f89e,Woz says Jobs will be remembered for his vision ??? and his 'negative personality',0,,0,0,0,0,0,0,0,0,2015-10-16T02:35:12.725+03:00,2015-10-16T01:56:00.000+03:00,0,news,www.crutchtech.com,Woz says Jobs will be remembered for his vision ??? and his 'negative personality',0,Woz says Jobs will be remembered for his vision ??? and his 'negative personality',0,http://rc.feedsportal.com/r/241225984701/u/173/f/645093/c/34938/s/4ab66326/sc/28/rc/1/rc.img,5e8ec4c14f417a33283f5e439d9c9a750485f89e,http://crutchtech.com/?feed=rss2,2015-10-16T01:56:00.000+03:00,1,http://www.crutchtech.com/2015/10/15/woz-says-jobs-will-be-remembered-for-his-vision-and-his-negative-personality/,US,crutchtech.com,Crutch Technologies,http://www.crutchtech.com/2015/10/15/woz-says-jobs-will-be-remembered-for-his-vision-and-his-negative-personality/,english,Finance,0,0,0
,,77df6ef6d9ae225a7e72efc204aa6c7273a79071,Residential Construction Referral Service,0,,0,0,0,0,0,0,0,0,2015-10-16T09:09:13.535+03:00,2015-10-16T08:19:00.000+03:00,0,news,www.globalbx.com,Residential Construction Referral Service,0,Residential Construction Referral Service,0,,77df6ef6d9ae225a7e72efc204aa6c7273a79071,http://www.globalbx.com/rss/US/byIndustry/Technology.rss,2015-10-16T08:19:00.000+03:00,0,http://www.globalbx.com/listing.asp?bId=246033,US,globalbx.com,Technology - Internet Related Businesses For Sale in the US,http://www.globalbx.com/listing.asp?bId=246033,english,Finance,0,0,0
maplesummit,,3518ecebb8441e9a80a1ed2cf9c10992dea63fde,What is Windows Server Essentials and How Do You Use it for Your Business?,0,,0,0,0,0,0,0,0,0,2015-10-16T10:56:01.125+03:00,2015-10-16T08:04:00.000+03:00,0,news,www.bizsugar.com,What is Windows Server Essentials and How Do You Use it for Your Business?,0,What is Windows Server Essentials and How Do You Use it for Your Business?,0,,3518ecebb8441e9a80a1ed2cf9c10992dea63fde,http://www.bizsugar.com/rss/category/7,2015-10-16T08:04:00.000+03:00,1,http://www.bizsugar.com/Technology/what-is-windows-server-essentials-and-how-do-you-use-it-for-your-business/,US,bizsugar.com,BizSugar / Published News / Technology,http://www.bizsugar.com/Technology/what-is-windows-server-essentials-and-how-do-you-use-it-for-your-business/,english,Finance,0,0,0
,,f9cb820e91d3b41880285de0ef268e3dbb4ee19d,Selected local stocks,0,,0,0,0,0,0,0,0,0,2015-10-16T17:42:38.590+03:00,2015-10-16T07:00:00.000+03:00,0,news,www.vindy.com,Selected local stocks,0,Selected local stocks,0,http://media.vindy.com/content/image/a/5/logo/v5logo.gif,f9cb820e91d3b41880285de0ef268e3dbb4ee19d,http://www.vindy.com/rss/headlines/business,2015-10-16T07:00:00.000+03:00,0,http://www.vindy.com/news/2015/oct/16/selected-local-stocks/,US,vindy.com,Vindy.com stories: Business & Technology,http://www.vindy.com/news/2015/oct/16/selected-local-stocks/,english,Finance,0,0,0
cbs8,,9e5bf2f5c2342cf8f3939e03386d41cf8a90f13c,"IGT Introduces Aurora, Its New, Comprehensive Solution for Lottery Growth",0,,0,0,0,0,0,0,0,0,2015-10-13T14:56:52.197+03:00,2015-10-13T03:00:00.000+03:00,0,news,www.cbs8.com,"IGT Introduces Aurora, Its New, Comprehensive Solution for Lottery Growth - CBS News 8 - San Diego, CA News Station - KFMB Channel 8",0,"IGT Introduces Aurora, Its New, Comprehensive Solution for Lottery Growth",0,,9e5bf2f5c2342cf8f3939e03386d41cf8a90f13c,http://www.cbs8.com/category/48528/travel-leisure,2015-10-13T03:00:00.000+03:00,1,http://www.cbs8.com/story/30246803/igt-introduces-aurora-its-new-comprehensive-solution-for-lottery-growth,US,cbs8.com,"Travel &amp; Leisure - CBS News 8 - San Diego, CA News Station - KFMB Channel 8",http://www.cbs8.com/story/30246803/igt-introduces-aurora-its-new-comprehensive-solution-for-lottery-growth,english,Travel,1,0.194541094,0.166666667
travelandtourworld.com,,9723b97dd2b2b07ff55e3df6c4c298c1241c547e,"Demand is Up and Airfares Are Down This Holiday Travel Season, According to Orbitz Insider IndexTravelandtourworld.com",0,,0,0,0,0,0,0,0,0,2015-10-13T06:04:05.970+03:00,2015-10-13T03:00:00.000+03:00,0,news,www.travelandtourworld.com,"Demand is Up and Airfares Are Down This Holiday Travel Season, According to Orbitz Insider IndexTravelandtourworld.com",0,"Demand is Up and Airfares Are Down This Holiday Travel Season, According to Orbitz Insider IndexTravelandtourworld.com",0,http://www.travelandtourworld.com/wp-content/uploads/2013/10/orbitz.jpeg,9723b97dd2b2b07ff55e3df6c4c298c1241c547e,http://www.travelandtourworld.com/,2015-10-13T03:00:00.000+03:00,1,http://www.travelandtourworld.com/news/article/demand-is-up-and-airfares-are-down-this-holiday-travel-season-according-to-orbitz-insider-index/,US,travelandtourworld.com,Global Travel And Tourism News | Travel B2B Magazine | Travel News -Travelandtourworld.com,http://www.travelandtourworld.com/news/article/demand-is-up-and-airfares-are-down-this-holiday-travel-season-according-to-orbitz-insider-index/,english,Travel,1,0.817072596,0.857142857
eTN Global Editor,,f922ef8a30aa0797de21631328bb5ee559a1342d,The Ritz-Carlton set to debut in Mexico City in 2019,0,,0,0,0,0,0,0,0,0,2015-10-15T00:56:12.799+03:00,2015-10-14T23:05:00.000+03:00,0,news,www.eturbonews.com,The Ritz-Carlton set to debut in Mexico City in 2019,0,The Ritz-Carlton set to debut in Mexico City in 2019,0,,f922ef8a30aa0797de21631328bb5ee559a1342d,http://feeds.feedburner.com/Eturbonews-TravelAndTourismIndustryNews,2015-10-14T23:05:00.000+03:00,1,http://www.eturbonews.com/64832/ritz-carlton-set-debut-mexico-city-2019,US,eturbonews.com,eTurboNews (eTN) - Original and unique global international news with a focus on travel and tourism,http://www.eturbonews.com/64832/ritz-carlton-set-debut-mexico-city-2019,english,Travel,1,0,0
"Lindsey Bever, The Washington Post",,e9e657336ad91371cd2974a9ea9c12fb898025f6,VIDEO: Are you brave enough to walk across China's sky-high glass bridge?,0,,0,0,0,0,0,0,0,0,2015-10-14T04:20:27.151+03:00,2015-10-12T20:33:00.000+03:00,0,news,www.southcoasttoday.com,VIDEO: Are you brave enough to walk across China's sky-high glass bridge?,0,VIDEO: Are you brave enough to walk across China's sky-high glass bridge?,0,http://www.southcoasttoday.com/storyimage/ZZ/20151012/SHAREABLE/151019986/AR/0/AR-151019986.jpg,e9e657336ad91371cd2974a9ea9c12fb898025f6,http://www.southcoasttoday.com/living/travel?template=rss&mime=xml,2015-10-12T20:33:00.000+03:00,1,http://www.southcoasttoday.com/article/ZZ/20151012/SHAREABLE/151019986/101114?rssfeed=true,US,southcoasttoday.com,Travel - southcoasttoday.com,http://www.southcoasttoday.com/article/ZZ/20151012/SHAREABLE/151019986/101114?rssfeed=true,english,Travel,1,1.361787659,0
,,7bda2238028e53426427f297cdd80ab93ea08660,Going zip-lining on holiday? Here's how to stay safe,0,,0,0,0,0,0,0,0,0,2015-10-13T08:20:42.234+03:00,2015-10-13T07:00:00.000+03:00,0,news,www.calgarysun.com,Going zip-lining on holiday? Here's how to stay safe,0,Going zip-lining on holiday? Here's how to stay safe,0,http://storage.calgarysun.com/v1/dynamic_resize/sws_path/suns-prod-images/1297756695788_ORIGINAL.jpg?quality=80&size=100x,7bda2238028e53426427f297cdd80ab93ea08660,http://www.calgarysun.com/travel/rss.xml,2015-10-13T07:00:00.000+03:00,0,http://www.calgarysun.com/2015/10/05/going-zip-lining-on-holiday-heres-how-to-stay-safe,CA,calgarysun.com,Top Travel stories,http://www.calgarysun.com/2015/10/05/going-zip-lining-on-holiday-heres-how-to-stay-safe,english,Travel,1,0.90785844,0
,,73bea1d78170fa6f71f468b05d3789ace8c6e410,How to Do Florida: Take Your Teenager Backpack Camping,0,,0,0,0,0,0,0,0,0,2015-10-13T09:18:39.429+03:00,2015-10-12T12:03:00.000+03:00,0,news,www.whio.com,How to Do Florida: Take Your Teenager Backpack Camping,0,How to Do Florida: Take Your Teenager Backpack Camping,0,http://media.cmgdigital.com/shared/img/photos/2014/08/21/cc/0a/WHIO_Facebook_Icon.png,73bea1d78170fa6f71f468b05d3789ace8c6e410,http://www.whio.com/feeds/categories/travel/,2015-10-12T12:03:00.000+03:00,0,http://www.whio.com/feed/travel/how-to-do-florida-take-your-teenager-backpack/fCG8X4/,US,whio.com,News | Travel,http://www.whio.com/feed/travel/how-to-do-florida-take-your-teenager-backpack/fCG8X4/,english,Travel,1,1.361787659,0.5
Kayla Dome,,b377014e9625cf85adf46e7cd18bfdd83d043ac4,How to Stay Safe in the Mountains,0,,0,0,0,0,0,0,0,0,2015-10-15T05:26:53.869+03:00,2015-10-14T22:05:00.000+03:00,0,news,gogirlguides.com,How to Stay Safe in the Mountains,0,How to Stay Safe in the Mountains,0,http://gogirlguides.com/wp-content/uploads/2015/10/mountains1.jpg,b377014e9625cf85adf46e7cd18bfdd83d043ac4,http://feeds.feedburner.com/GoGirlGuides,2015-10-14T22:05:00.000+03:00,1,http://gogirlguides.com/solo-female-travel/how-to-stay-safe-in-the-mountains/,US,gogirlguides.com,Go! Girl Guides - Helping Women Travel The World,http://gogirlguides.com/solo-female-travel/how-to-stay-safe-in-the-mountains/,english,Travel,1,0.389082188,0.142857143
cbs8,,03c05862e3bd561678cdb0f6b644bc531321e8a8,Elektrobit to develop augmented reality software as a standalone company within Continental,0,,0,0,0,0,0,0,0,0,2015-10-14T18:21:04.347+03:00,2015-10-14T03:00:00.000+03:00,0,news,www.cbs8.com,"Elektrobit to develop augmented reality software as a standalone company within Continental - CBS News 8 - San Diego, CA News Station - KFMB Channel 8",0,Elektrobit to develop augmented reality software as a standalone company within Continental,0,,03c05862e3bd561678cdb0f6b644bc531321e8a8,http://www.cbs8.com/category/48532/travel,2015-10-14T03:00:00.000+03:00,1,http://www.cbs8.com/story/30256498/elektrobit-to-develop-augmented-reality-software-as-a-standalone-company-within-continental,US,cbs8.com,"Travel - CBS News 8 - San Diego, CA News Station - KFMB Channel 8",http://www.cbs8.com/story/30256498/elektrobit-to-develop-augmented-reality-software-as-a-standalone-company-within-continental,english,Travel,1,0.22696461,0.1
,,0e15e47b1a7cab8c404bb2afa6986c9f5aa4185e,"""I don't have to be taught not to be a rapist"", says student",0,,0,0,0,0,0,0,0,0,2015-10-17T00:17:18.286+03:00,2015-10-15T17:00:00.000+03:00,0,news,www.thesatellite.com.au,"""I don't have to be taught not to be a rapist"", says student",0,"""I don't have to be taught not to be a rapist"", says student",0,http://media.apnarm.net.au/img/media/images/2015/10/16/consent-t9vrvorgaoi3l1841l2_ct300x300.jpg,0e15e47b1a7cab8c404bb2afa6986c9f5aa4185e,http://feeds2.feedburner.com/ThesatellitecomauWorldNews,2015-10-15T17:00:00.000+03:00,0,http://www.thesatellite.com.au/news/student-divides-internet-after-opposing-sex-consen/2809154/,AU,thesatellite.com.au,thesatellite.com.au: World News,http://www.thesatellite.com.au/news/student-divides-internet-after-opposing-sex-consen/2809154/,english,World,1,0.809212203,0.333333333
,,300203b877a9a2a79aa85f69ab4dd6052cb7df26,"The Dress: If you saw white and gold, you work too hard",0,,0,0,0,0,0,0,0,0,2015-10-16T19:20:48.174+03:00,2015-10-15T17:00:00.000+03:00,0,news,www.gattonstar.com.au,"The Dress: If you saw white and gold, you work too hard",0,"The Dress: If you saw white and gold, you work too hard",0,http://media.apnarm.net.au/img/media/images/2015/10/16/thedress-2ckc4e2a8rgom4441l2_ct300x300.jpg,300203b877a9a2a79aa85f69ab4dd6052cb7df26,http://feeds2.feedburner.com/GattonstarcomauWorldNews,2015-10-15T17:00:00.000+03:00,0,http://www.gattonstar.com.au/news/dress-if-you-saw-white-and-gold-you-work-too-hard/2809146/,AU,gattonstar.com.au,gattonstar.com.au: World News,http://www.gattonstar.com.au/news/dress-if-you-saw-white-and-gold-you-work-too-hard/2809146/,english,World,1,0.809212203,0.333333333
sfgate.com,,e86684cde338c80f6266efd41a5ec4a392a96222,EU tries for new Turkey strategy to stem refugee flow,0,,0,0,0,0,0,0,0,0,2015-10-16T12:23:27.146+03:00,2015-10-16T04:00:00.000+03:00,0,news,www.sfgate.com,EU tries for new Turkey strategy to stem refugee flow - SFGate,0,EU tries for new Turkey strategy to stem refugee flow,0,http://ww1.hdnux.com/photos/41/44/23/8799424/7/rawImage.jpg,e86684cde338c80f6266efd41a5ec4a392a96222,http://sfgate.com//rss/feed/World-News-From-SFGate-432.php,2015-10-16T04:00:00.000+03:00,1,http://www.sfgate.com/news/world/article/EU-tries-for-new-Turkey-strategy-to-stem-refugee-6573619.php,US,sfgate.com,World News From SFGate,http://www.sfgate.com/news/world/article/EU-tries-for-new-Turkey-strategy-to-stem-refugee-6573619.php,english,World,1,0.809212203,0.333333333
Reuters,,4538c08f97f245fae985a2182f510b5b58371244,"Kyrgyz police kill one escaped Islamist, three remain at large: ministry",0,,0,0,0,0,0,0,0,0,2015-10-16T12:12:52.057+03:00,2015-10-16T13:03:00.000+03:00,0,news,www.reuters.com,"Kyrgyz police kill one escaped Islamist, three remain at large: ministry | Reuters",0,"Kyrgyz police kill one escaped Islamist, three remain at large: ministry",0,,4538c08f97f245fae985a2182f510b5b58371244,http://www.reuters.com/news/world,2015-10-16T13:03:00.000+03:00,1,http://www.reuters.com/article/2015/10/16/us-kyrgyzstan-islamists-idUSKCN0SA0RU20151016,US,reuters.com,World News | Reuters.com,http://www.reuters.com/article/2015/10/16/us-kyrgyzstan-islamists-idUSKCN0SA0RU20151016,english,World,1,0.809212203,0.333333333
,,ed2b5cb695506cd151a5648049091cef4873634f,Turkey grumbles as EU hails deal to stem migration,0,,0,0,0,0,0,0,0,0,2015-10-16T19:59:46.628+03:00,2015-10-16T19:25:00.000+03:00,0,news,www.channelnewsasia.com,Turkey grumbles as EU hails deal to stem migration,0,Turkey grumbles as EU hails deal to stem migration,0,http://www.channelnewsasia.com/image/2197978/1445001316000/large16x9/640/360/syrian-migrants-who-said.jpg,ed2b5cb695506cd151a5648049091cef4873634f,http://www.channelnewsasia.com/rss/latest_cna_world_rss.xml,2015-10-16T19:25:00.000+03:00,0,http://www.channelnewsasia.com/news/world/turkey-grumbles-as-eu-hai/2197982.html,SG,channelnewsasia.com,Channel NewsAsia World News,http://www.channelnewsasia.com/news/world/turkey-grumbles-as-eu-hai/2197982.html,english,World,1,0.606909153,0.25
,,cd31d62e12a027df4c9e01fd1824a35e6ec7e987,"The Dress: If you saw white and gold, you work too hard",0,,0,0,0,0,0,0,0,0,2015-10-16T06:30:21.874+03:00,2015-10-15T16:00:00.000+03:00,0,news,www.byronnews.com.au,"The Dress: If you saw white and gold, you work too hard",0,"The Dress: If you saw white and gold, you work too hard",0,http://media.apnarm.net.au/img/media/images/2015/10/16/thedress-2ckc4e2a8rgom4441l2_ct300x300.jpg,cd31d62e12a027df4c9e01fd1824a35e6ec7e987,http://feeds2.feedburner.com/ByronnewscomauWorld,2015-10-15T16:00:00.000+03:00,0,http://www.byronnews.com.au/news/dress-if-you-saw-white-and-gold-you-work-too-hard/2809146/,AU,byronnews.com.au,byronnews.com.au: World News,http://www.byronnews.com.au/news/dress-if-you-saw-white-and-gold-you-work-too-hard/2809146/,english,World,1,0.809212203,0.333333333
timesunion.com,,1d47068be089eefc8d03b216b443854ce1c94ce7,"In Egypt vote, ultraconservative Islamists try balancing act",0,,0,0,0,0,0,0,0,0,2015-10-17T00:22:28.204+03:00,2015-10-17T01:14:00.000+03:00,0,news,www.timesunion.com,"In Egypt vote, ultraconservative Islamists try balancing act - Times Union",0,"In Egypt vote, ultraconservative Islamists try balancing act",0,http://ww2.hdnux.com/photos/41/45/02/8802437/5/rawImage.jpg,1d47068be089eefc8d03b216b443854ce1c94ce7,http://www.timesunion.com/default/feed/news/feed/World-News-212.php,2015-10-17T01:14:00.000+03:00,1,http://www.timesunion.com/news/world/article/In-Egypt-vote-ultraconservative-Islamists-try-6574657.php,US,timesunion.com,World News,http://www.timesunion.com/news/world/article/In-Egypt-vote-ultraconservative-Islamists-try-6574657.php,english,World,1,1.213818305,0.5
,,374ebe54310aaf0c917e44cc5cd8fba6776bfcef,EU tries for new Turkey strategy to stem refugee flow,0,,0,0,0,0,0,0,0,0,2015-10-16T19:09:17.292+03:00,2015-10-16T17:42:00.000+03:00,0,news,www.fox23.com,EU tries for new Turkey strategy to stem refugee flow,0,EU tries for new Turkey strategy to stem refugee flow,0,http://media.cmgdigital.com/shared/img/photos/2015/10/16/f7/8e/1b2c5dcda00d40039569f11cf240ab00-739bdd12d61d4cccb9948874da597810-0.jpg,374ebe54310aaf0c917e44cc5cd8fba6776bfcef,http://www.fox23.com/list/rss/news/world/world-news/aKh3/,2015-10-16T17:42:00.000+03:00,0,http://www.fox23.com/ap/ap/international/eu-tries-for-new-turkey-strategy-to-stem-refugee-f/nn4NH/,US,fox23.com,World News,http://www.fox23.com/ap/ap/international/eu-tries-for-new-turkey-strategy-to-stem-refugee-f/nn4NH/,english,World,1,1.213818305,0.5
,,b7ffe8eafcdc09888fdca14bf0e86c6ce24fb77f,Government: No benefit hike for Social Security next year,0,,0,0,0,0,0,0,0,0,2015-10-16T02:29:41.429+03:00,2015-10-15T20:59:00.000+03:00,0,news,www.daily-chronicle.com,Government: No benefit hike for Social Security next year,0,Government: No benefit hike for Social Security next year,0,http://www.daily-chronicle.com/images/avatar.png,b7ffe8eafcdc09888fdca14bf0e86c6ce24fb77f,http://www.daily-chronicle.com/?rss=news/nation_and_world,2015-10-15T20:59:00.000+03:00,0,http://www.daily-chronicle.com/2015/10/15/government-no-benefit-hike-for-social-security-next-year/am3kjt3/,US,daily-chronicle.com,Nation and World News,http://www.daily-chronicle.com/2015/10/15/government-no-benefit-hike-for-social-security-next-year/am3kjt3/,english,World,1,0.809212203,0.333333333
timesofindia.indiatimes.com,,75c5980366fe46ade2d404f5555fb06ac560982c,74-year-old Briton faces flogging in Saudi Arabia over wine possession,0,,0,0,0,0,0,0,0,0,2015-10-13T23:07:40.713+03:00,2015-10-13T22:13:00.000+03:00,0,news,timesofindia.indiatimes.com,74-year-old Briton faces flogging in Saudi Arabia over wine possession - The Times of India,0,74-year-old Briton faces flogging in Saudi Arabia over wine possession,5,http://timesofindia.indiatimes.com/photo/49339798.cms,75c5980366fe46ade2d404f5555fb06ac560982c,http://timesofindia.indiatimes.com/rssfeeds/296589292.cms,2015-10-13T22:13:00.000+03:00,6,http://timesofindia.indiatimes.com/world/uk/74-year-old-Briton-faces-flogging-in-Saudi-Arabia-over-winepossesion/articleshow/49339757.cms,IL,indiatimes.com,"World News, News of World, Top World News, World Breaking Headlines - Times of India",http://timesofindia.indiatimes.com/world/uk/74-year-old-Briton-faces-flogging-in-Saudi-Arabia-over-winepossesion/articleshow/49339757.cms,english,World,1,0.809212203,0.857142857
timesunion.com,,0ce110746e149c94e1a612633dff0c7db36cad41,Rights group says US-backed Kurds displacing Arabs in Syria,0,,0,0,0,0,0,0,0,0,2015-10-13T04:29:37.116+03:00,2015-10-13T04:59:00.000+03:00,0,news,www.timesunion.com,Rights group says US-backed Kurds displacing Arabs in Syria - Times Union,0,Rights group says US-backed Kurds displacing Arabs in Syria,0,http://ww3.hdnux.com/photos/41/37/64/8781090/7/rawImage.jpg,0ce110746e149c94e1a612633dff0c7db36cad41,http://www.timesunion.com/default/feed/news/feed/World-News-212.php,2015-10-13T04:59:00.000+03:00,1,http://www.timesunion.com/news/world/article/Rights-group-says-US-backed-Kurds-displacing-6567397.php,US,timesunion.com,World News,http://www.timesunion.com/news/world/article/Rights-group-says-US-backed-Kurds-displacing-6567397.php,english,World,1,1.213818305,0.5
lasvegassun.com,,b3546f71ef91b0ceb5e65daf6979e93e2918835f,Russia says thwarted Moscow terror attack planned by 12,0,,0,0,0,0,0,0,0,0,2015-10-13T18:26:04.871+03:00,2015-10-13T03:00:00.000+03:00,0,news,lasvegassun.com,Russia says thwarted Moscow terror attack planned by 12 - Las Vegas Sun News,0,Russia says thwarted Moscow terror attack planned by 12,0,//asset.lasvegassun.com/media/assets/images/icons/sun-app-large.png,b3546f71ef91b0ceb5e65daf6979e93e2918835f,http://lasvegassun.com/news/world/,2015-10-13T03:00:00.000+03:00,1,http://lasvegassun.com/news/2015/oct/13/russia-says-thwarted-moscow-terror-attack-planned-/,EU,lasvegassun.com,AP World News - Las Vegas Sun News,http://lasvegassun.com/news/2015/oct/13/russia-says-thwarted-moscow-terror-attack-planned-/,english,World,1,0.34680523,0.166666667
dailystar,,bd1233e9c27a8deae3e2addca362f43d9ec49b4d,"South Korean orphans separated in 1970s reunited by chance in US | News , World",0,,0,0,0,0,0,0,0,0,2015-10-13T03:18:21.422+03:00,2015-10-13T04:48:00.000+03:00,0,news,www.dailystar.com.lb,"South Korean orphans separated in 1970s reunited by chance in US | News , World | THE DAILY STAR",0,"South Korean orphans separated in 1970s reunited by chance in US | News , World",0,http://www.dailystar.com.lb//dailystar/Pictures/2015/10/12/461059_img650x420_img650x420_crop.jpg,bd1233e9c27a8deae3e2addca362f43d9ec49b4d,http://www.dailystar.com.lb/,2015-10-13T04:48:00.000+03:00,1,http://www.dailystar.com.lb/News/World/2015/Oct-12/318643-south-korean-orphans-separated-in-1970s-reunited-by-chance-in-us.ashx,US,dailystar.com.lb,"Breaking News, Lebanon News, Middle East News &amp; World News | THE DAILY STAR ",http://www.dailystar.com.lb/News/World/2015/Oct-12/318643-south-korean-orphans-separated-in-1970s-reunited-by-chance-in-us.ashx,english,World,1,0.202303051,0.111111111
cbs8,,f6b5a846bc1c54ce1cf0391f3c27432a0c08937f,SRS Real Estate Partners Adds Top Retail Leasing Team in Southern California Office,0,,0,0,0,0,0,0,0,0,2015-10-13T20:38:30.349+03:00,2015-10-13T21:02:00.000+03:00,0,news,www.cbs8.com,"SRS Real Estate Partners Adds Top Retail Leasing Team in Southern California Office - CBS News 8 - San Diego, CA News Station - KFMB Channel 8",0,SRS Real Estate Partners Adds Top Retail Leasing Team in Southern California Office,0,,f6b5a846bc1c54ce1cf0391f3c27432a0c08937f,http://www.cbs8.com/category/272461/business-finance,2015-10-13T21:02:00.000+03:00,1,http://www.cbs8.com/story/30250162/srs-real-estate-partners-adds-top-retail-leasing-team-in-southern-california-office,US,cbs8.com,"Business: Finance - CBS News 8 - San Diego, CA News Station - KFMB Channel 8",http://www.cbs8.com/story/30250162/srs-real-estate-partners-adds-top-retail-leasing-team-in-southern-california-office,english,Finance,1,0.192655519,0.181818182
Financeexpress.com,,928d4cc2deac59b3d59e4d8229fd19cb68c4d1ca,Do credit cards and personal loans really help your credit score?,0,,0,0,0,0,0,0,0,0,2015-10-14T11:07:23.279+03:00,2015-10-03T21:24:00.000+03:00,0,news,www.Financeexpress.com,Do credit cards and personal loans really help your credit score? | The Finance Express,0,Do credit cards and personal loans really help your credit score?,0,http://www.Financeexpress.com/wp-content/uploads/2015/06/Credit-Debit-card-Re-S.jpg,928d4cc2deac59b3d59e4d8229fd19cb68c4d1ca,http://www.Financeexpress.com/section/personal-finance/,2015-10-03T21:24:00.000+03:00,1,http://www.Financeexpress.com/article/personal-finance/do-credit-cards-and-personal-loans-really-help-your-credit-score/145152,IE,Financeexpress.com,"Personal Finance News:Personal Finance Articles,Personal Finance Tips,Banking and Finance News | The Finance Express",http://www.Financeexpress.com/article/personal-finance/do-credit-cards-and-personal-loans-really-help-your-credit-score/145152,english,Finance,1,1.138418979,0.857142857
,,2efa52d32ef7536441c16cf947daaec6ea251f92,"Rajasthan signs MoUs to firm up Rs 5,400 crore investment in affordable housing",0,,0,0,0,0,0,0,0,0,2015-10-14T03:51:16.999+03:00,2015-10-14T01:44:00.000+03:00,0,news,economictimes.indiatimes.com,"Rajasthan signs MoUs to firm up Rs 5,400 crore investment in affordable housing",0,"Rajasthan signs MoUs to firm up Rs 5,400 crore investment in affordable housing",0,"http://economictimes.indiatimes.com/thumb/msid-49345068,width-600,resizemode-4/rajasthan-signs-mous-to-firm-up-rs-5400-crore-investment-in-affordable-housing.jpg",2efa52d32ef7536441c16cf947daaec6ea251f92,http://economictimes.indiatimes.com/news/news/economy/news/economy/finance/rssfeeds/1286551815.cms,2015-10-14T01:44:00.000+03:00,0,http://economictimes.indiatimes.com/news/economy/finance/rajasthan-signs-mous-to-firm-up-rs-5400-crore-investment-in-affordable-housing/articleshow/49345066.cms,IL,indiatimes.com,Finance-Economy-News-The Economic Times,http://economictimes.indiatimes.com/news/economy/finance/rajasthan-signs-mous-to-firm-up-rs-5400-crore-investment-in-affordable-housing/articleshow/49345066.cms,english,Finance,1,0,0
Sara Sjolin,,2d424a071f633c1ab4a1253861dd1b43a8edb3db,5 key facts to know about the SABMiller-InBev merger,0,,0,0,0,0,0,0,0,0,2015-10-13T15:13:09.596+03:00,2015-10-13T03:00:00.000+03:00,0,news,www.marketwatch.com,5 key facts to know about the SABMiller-InBev merger - MarketWatch,0,5 key facts to know about the SABMiller-InBev merger,3,http://s.marketwatch.com/public/resources/MWimages/MW-DG358_BUD_01_ZG_20150225144656.jpg,c38ebc02235c1672ff95f83109c9076b5f5577ef,http://finance.yahoo.com/news/provider-marketwatch/,2015-10-13T03:00:00.000+03:00,4,http://www.marketwatch.com/story/5-key-facts-to-know-about-the-sabmiller-inbev-merger-2015-10-13,US,marketwatch.com,MarketWatch News Archive - Yahoo! Finance,http://www.marketwatch.com/story/5-key-facts-to-know-about-the-sabmiller-inbev-merger-2015-10-13#post-0,english,Finance,1,0.500904351,0.2
Financeexpress.com,,91b5f2063736c68a8ffa2c356f99e6c7824e122e,"???Steve Jobs??? an engaging portrait, ex-Apple CEO John Sculley says",0,,0,0,0,0,0,0,0,0,2015-10-13T22:55:56.963+03:00,2015-10-13T17:58:00.000+03:00,0,news,www.Financeexpress.com,"???Steve Jobs??? an engaging portrait, ex-Apple CEO John Sculley says | The Finance Express",0,"???Steve Jobs??? an engaging portrait, ex-Apple CEO John Sculley says",0,http://www.Financeexpress.com/wp-content/uploads/2015/10/Steve-jobs-film-s-ap.jpg,91b5f2063736c68a8ffa2c356f99e6c7824e122e,http://www.Financeexpress.com/,2015-10-13T17:58:00.000+03:00,1,http://www.Financeexpress.com/article/lifestyle/showbiz/steve-jobs-an-engaging-portrait-ex-apple-ceo-john-sculley-says/150384,IE,Financeexpress.com,"The Finance Express | India News Today,Latest National News,Stock Market Today,SENSEX NIFTY,NSE BSE India,Finance News,Business News",http://www.Financeexpress.com/article/lifestyle/showbiz/steve-jobs-an-engaging-portrait-ex-apple-ceo-john-sculley-says/150384,english,Finance,1,0.178894411,0.076923077
,,7a4b58174301df5552d2bdd159baed031aafdf5b,"Quarles Acquires Culpeper, Warsaw Heating Oil Companies",0,,0,0,0,0,0,0,0,0,2015-10-14T16:05:59.623+03:00,2015-10-14T15:50:00.000+03:00,0,news,uk.finance.yahoo.com,"Quarles Acquires Culpeper, Warsaw Heating Oil Companies",0,"Quarles Acquires Culpeper, Warsaw Heating Oil Companies",0,https://s1.yimg.com/bt/api/res/1.2/M7vS95b2fvSzHFeFStPk0A--/YXBwaWQ9eW5ld3NfbGVnbztxPTc1O3c9NjAw/http://l.yimg.com/os/mit/media/m/social/images/social_default_logo-1481777.png,7a4b58174301df5552d2bdd159baed031aafdf5b,https://uk.finance.yahoo.com/news/sector-basic-materials/?format=rss,2015-10-14T15:50:00.000+03:00,0,https://uk.finance.yahoo.com/news/quarles-acquires-culpeper-warsaw-heating-125000997.html,US,yahoo.com,Basic Resources News | Yahoo! Finance,https://uk.finance.yahoo.com/news/quarles-acquires-culpeper-warsaw-heating-125000997.html,english,Finance,1,0.500904351,0.2
Janet Hook,,642194f416e8cfbe88e95a31d6f47dc22e4e6557,"Hillary Clinton Dominates First Democratic Debate, Analysts Say",0,,0,0,0,0,0,0,0,0,2015-10-14T17:55:12.930+03:00,2015-10-14T18:10:00.000+03:00,0,news,www.wsj.com,"Hillary Clinton Dominates First Democratic Debate, Analysts Say - WSJ",0,"Hillary Clinton Dominates First Democratic Debate, Analysts Say",0,http://si.wsj.net/public/resources/images/BN-KT164_DEBATE_G_20151013211740.jpg,642194f416e8cfbe88e95a31d6f47dc22e4e6557,http://www.wsj.com/news/business,2015-10-14T18:10:00.000+03:00,1,http://www.wsj.com/articles/hillary-clinton-dominates-first-democratic-debate-analysts-say-1444831841,US,wsj.com,Business &amp; Finance News - Wall Street Journal,http://www.wsj.com/articles/hillary-clinton-dominates-first-democratic-debate-analysts-say-1444831841,english,Finance,1,0.357788822,0.428571429
Karen Maley,,2277f169ef6ccd89b92ee4dc385898bf0d1234b8,New call to buy gold as US rate rise appears less certain,0,,0,0,0,0,0,0,0,0,2015-10-15T02:07:07.349+03:00,2015-10-15T06:01:00.000+03:00,0,news,www.afr.com,New call to buy gold as US rate rise appears less certain | afr.com,0,New call to buy gold as US rate rise appears less certain,0,http://www.afr.com/content/dam/images/g/k/9/e/7/u/image.related.afrArticleLead.620x365.gk9fck.png/1444860118737.jpg,2277f169ef6ccd89b92ee4dc385898bf0d1234b8,http://www.afr.com/,2015-10-15T06:01:00.000+03:00,1,http://www.afr.com/personal-finance/specialist-investments/gold/new-call-to-buy-gold-as-us-rate-rise-appears-less-certain-20151014-gk9fck,AU,afr.com,"Finance Review - Business, Finance and Investment News | afr.com",http://www.afr.com/personal-finance/specialist-investments/gold/new-call-to-buy-gold-as-us-rate-rise-appears-less-certain-20151014-gk9fck,english,Finance,1,0.715577644,0.5
Al Weaver,,bfb1dfc3bf5781380c69ad30b707da014b1f3f2d,Rubio: Dems 'more liberal today' than any time since Dukakis,0,,0,0,0,0,0,0,0,0,2015-10-14T22:32:07.658+03:00,2015-10-14T17:44:00.000+03:00,0,news,www.washingtonexaminer.com,Rubio: Dems 'more liberal today' than any time since Dukakis | Washington Examiner,0,Rubio: Dems 'more liberal today' than any time since Dukakis,0,http://cdn.washingtonexaminer.biz/cache/r620-f3b22d9a6d39003b91ae17d47dceacf4.jpg,bfb1dfc3bf5781380c69ad30b707da014b1f3f2d,http://washingtonexaminer.com/rss/politics,2015-10-14T17:44:00.000+03:00,1,http://www.washingtonexaminer.com/rubio-dems-more-liberal-today-than-any-time-since-dukakis/article/2574119?custom_click=rss,US,washingtonexaminer.com,WashingtonExaminer.com RSS - politics,http://www.washingtonexaminer.com/rubio-dems-more-liberal-today-than-any-time-since-dukakis/article/2574119?custom_click=rss,english,politics,1,1.614896519,0.333333333
,,dbff7f6c48a7527ff81bd452823e4c10954aa5da,Labour rebels let through Osborne fiscal charter,0,,0,0,0,0,0,0,0,0,2015-10-15T00:30:35.555+03:00,2015-10-14T23:24:00.000+03:00,0,news,www.ft.com,Labour rebels let through Osborne fiscal charter,0,Labour rebels let through Osborne fiscal charter,0,http://im.ft-static.com/content/images/4b29f901-1982-4c99-ab1a-cb7de528c162.img,dbff7f6c48a7527ff81bd452823e4c10954aa5da,http://www.ft.com/rss/world/uk/politics,2015-10-14T23:24:00.000+03:00,0,http://www.ft.com/cms/s/0/c0443510-727f-11e5-bdb1-e6e4767162cc.html?ftcamp=published_links%2Frss%2Fworld_uk_politics%2Ffeed%2F%2Fproduct,US,ft.com,Politics & Policy - latest UK politics news headlines - FT.com,http://www.ft.com/cms/s/0/c0443510-727f-11e5-bdb1-e6e4767162cc.html?ftcamp=published_links%2Frss%2Fworld_uk_politics%2Ffeed%2F%2Fproduct,english,politics,1,1.211172389,0.875
Theodore Schleifer,,bc81afe0270a5951eec2fd4deca821bb5d792009,Bernie Sanders dances on,0,,0,0,0,0,0,0,0,0,2015-10-15T06:07:12.903+03:00,2015-10-14T03:00:00.000+03:00,0,news,www.cnn.com,Bernie Sanders dances on - CNNPolitics.com,0,Bernie Sanders dances on,0,http://i2.cdn.turner.com/cnnnext/dam/assets/140302215019-ellen-selfie-oscars-large-169.jpg,bc81afe0270a5951eec2fd4deca821bb5d792009,http://us.cnn.com/politics,2015-10-14T03:00:00.000+03:00,1,http://www.cnn.com/2015/10/14/politics/bernie-sanders-ellen-degeneres-dance/index.html,US,cnn.com,"politics News, Analysis and Opinion - CNNPolitics.com",http://www.cnn.com/2015/10/14/politics/bernie-sanders-ellen-degeneres-dance/index.html,english,politics,1,0.968937911,0.2
wn.com,,fc58b121fe6991326ecc83db5349d4cc30a970fe,New Data Centres will save ??0.5million a year: Foster (Department of Finance and Personnel),0,,0,0,0,0,0,0,0,0,2015-10-14T13:14:04.764+03:00,2015-10-14T03:00:00.000+03:00,0,news,article.wn.com,New Data Centres will save ??0.5million a year: Foster (Department of Finance and Personnel) - Worldnews.com,0,New Data Centres will save ??0.5million a year: Foster (Department of Finance and Personnel),0,http://i.ytimg.com/vi/a9W6JQlVSHQ/0.jpg,fc58b121fe6991326ecc83db5349d4cc30a970fe,http://rss.wn.com/English/keyword/politics,2015-10-14T03:00:00.000+03:00,1,http://article.wn.com/view/2015/10/14/New_Data_Centres_will_save_05million_a_year_Foster_Departmen/,GB,wn.com,WN.com - Politics News,http://article.wn.com/view/2015/10/14/New_Data_Centres_will_save_05million_a_year_Foster_Departmen/,english,politics,1,0,0
wn.com,,a17a19c80a62e2a3d0f80c8e21bc8498afc4bce4,Rallying Int'l Support Ideal Result of Syria Chemical Weapons Probe,0,,0,0,0,0,0,0,0,0,2015-10-15T02:11:28.390+03:00,2015-10-14T03:00:00.000+03:00,0,news,article.wn.com,Rallying Int'l Support Ideal Result of Syria Chemical Weapons Probe - Worldnews.com,0,Rallying Int'l Support Ideal Result of Syria Chemical Weapons Probe,0,http://i.ytimg.com/vi/FnvvjA6Kxgo/0.jpg,a17a19c80a62e2a3d0f80c8e21bc8498afc4bce4,http://wn.com/politics,2015-10-14T03:00:00.000+03:00,1,http://article.wn.com/view/2015/10/14/Rallying_Intl_Support_Ideal_Result_of_Syria_Chemical_Weapons/,GB,wn.com,Politics News from WN Network,http://article.wn.com/view/2015/10/14/Rallying_Intl_Support_Ideal_Result_of_Syria_Chemical_Weapons/,english,politics,1,0,0
wn.com,,3ecdeaf6f3888c58c9ae4a97eb261e788beb5d48,International food fosters a sense of community (University of Newcastle),0,,0,0,0,0,0,0,0,0,2015-10-14T09:40:35.205+03:00,2015-10-14T03:00:00.000+03:00,0,news,article.wn.com,International food fosters a sense of community (University of Newcastle) - Worldnews.com,0,International food fosters a sense of community (University of Newcastle),0,http://i.ytimg.com/vi/CdXesX6mYUE/0.jpg,3ecdeaf6f3888c58c9ae4a97eb261e788beb5d48,http://rss.wn.com/English/keyword/politics,2015-10-14T03:00:00.000+03:00,1,http://article.wn.com/view/2015/10/14/International_food_fosters_a_sense_of_community_University_o/,GB,wn.com,WN.com - Politics News,http://article.wn.com/view/2015/10/14/International_food_fosters_a_sense_of_community_University_o/,english,politics,1,0,0
Gabby Morrongiello,,c17a6efef6ecc2fbebfcff2dcec3b251e60aeb19,Clinton: Students shouldn't freeload off my college plan,0,,0,0,0,0,0,0,0,0,2015-10-14T20:11:09.226+03:00,2015-10-14T01:53:00.000+03:00,0,news,www.washingtonexaminer.com,Clinton: Students shouldn't freeload off my college plan | Washington Examiner,0,Clinton: Students shouldn't freeload off my college plan,0,http://cdn.washingtonexaminer.biz/cache/r620-36f49f2e37899495c26e0dde27262ae1.jpg,c17a6efef6ecc2fbebfcff2dcec3b251e60aeb19,http://feeds.feedburner.com/WashingtonexaminercomRss-Politics,2015-10-14T01:53:00.000+03:00,1,http://www.washingtonexaminer.com/clinton-students-shouldnt-freeload-off-my-college-plan/article/2574061?custom_click=rss,US,washingtonexaminer.com,WashingtonExaminer.com RSS - politics,http://www.washingtonexaminer.com/clinton-students-shouldnt-freeload-off-my-college-plan/article/2574061?custom_click=rss,english,politics,1,1.614896519,0.333333333
julian kennedy,,4c79db21feb91cfae35b407f0682deb4559e00ae,,9,,0,0,0,0,0,0,0,0,2017-03-04T19:31:35.888+02:00,2017-03-03T02:00:00.000+02:00,0,discussions,www.imdb.com,Brooklyn Reviews & Ratings - IMDb,0,Brooklyn,9,,8861b016d9877f3c326f571441883ad5a9da449c,"http://www.imdb.com/search/title?count=100&genres=drama,romance&num_votes=10000,&title_type=feature&view=simple",2016-12-09T02:00:00.000+02:00,10,http://www.imdb.com/title/tt2381111/reviews?filter=chrono,US,imdb.com,IMDb: Most Popular Drama-Romance Feature Films With At Least 10000 Votes - IMDb,http://www.imdb.com/title/tt2381111/reviews?filter=chrono#ynd_3652918,english,Movie,1,0,0
cad,,bd05526e2a724730e10cd191f4790bf734915b10,,8,,0,0,0,0,0,0,0,0,2017-03-04T07:03:02.707+02:00,2017-03-03T02:00:00.000+02:00,0.991,discussions,www.imdb.com,Fifty Shades Darker Reviews & Ratings - IMDb,0,Fifty Shades Darker,9,,1a9f8d65e2ff7ebdab9ecc53388e6b7dcf0b48d1,"http://www.imdb.com/search/title?count=100&genres=drama,romance&num_votes=10000,&title_type=feature&view=simple",2017-02-26T02:00:00.000+02:00,10,http://www.imdb.com/title/tt4465564/reviews?filter=chrono,US,imdb.com,IMDb: Most Popular Drama-Romance Feature Films With At Least 10000 Votes - IMDb,http://www.imdb.com/title/tt4465564/reviews?filter=chrono#ynd_3652836,english,Movie,1,0,0
IJustLoveFindingNemoOkay,,2834b4220e56b9ca9af40ef09f819bea46a5be12,,8,,0,0,0,0,0,0,0,0,2017-03-02T14:26:42.055+02:00,2017-03-01T02:00:00.000+02:00,0.001,discussions,www.imdb.com,Star Wars: Episode VII - The Force Awakens Reviews & Ratings - IMDb,0,Star Wars: Episode VII - The Force Awakens,9,,6259e943b2100078fa90c79d5daae702b6c12213,"http://www.imdb.com/search/title?count=100&genres=fantasy,adventure&num_votes=10000,&title_type=feature&view=simple",2017-02-21T02:00:00.000+02:00,10,http://www.imdb.com/title/tt2488496/reviews?filter=chrono,US,imdb.com,IMDb: Most Popular Fantasy-Adventure Feature Films With At Least 10000 Votes - IMDb,http://www.imdb.com/title/tt2488496/reviews?filter=chrono#ynd_3651160,english,Movie,1,0,0
ryanskywalker-87402,,ec7d63d2d62a28727a48f726877e0bd630c77c1c,,9,,0,0,0,0,0,0,0,0,2017-03-02T13:56:16.811+02:00,2017-03-01T02:00:00.000+02:00,0,discussions,www.imdb.com,X-Men Origins: Wolverine Reviews & Ratings - IMDb,0,X-Men Origins: Wolverine,9,,425db9d24051201e797f84e2947f6d116abbec0e,"http://www.imdb.com/search/title?count=100&genres=adventure,thriller&num_votes=10000,&title_type=feature&view=simple",2016-09-28T03:00:00.000+03:00,10,http://www.imdb.com/title/tt0458525/reviews?filter=chrono,US,imdb.com,IMDb: Most Popular Adventure-Thriller Feature Films With At Least 10000 Votes - IMDb,http://www.imdb.com/title/tt0458525/reviews?filter=chrono#ynd_3651061,english,Movie,1,0,0
Death-2-trolls,,b2df1c05221abade9c9e72797dc0cd103cf251ec,,9,,0,0,0,0,0,0,0,0,2017-03-03T15:51:39.372+02:00,2017-03-02T02:00:00.000+02:00,0.014,discussions,www.imdb.com,Pirates of the Caribbean: On Stranger Tides Reviews & Ratings - IMDb,0,Pirates of the Caribbean: On Stranger Tides,9,,3def6e1a90d11e346d897431665d8054e7660b17,"http://www.imdb.com/search/title?count=100&genres=fantasy,adventure&num_votes=10000,&title_type=feature&view=simple",2016-03-02T02:00:00.000+02:00,10,http://www.imdb.com/title/tt1298650/reviews?filter=chrono,US,imdb.com,IMDb: Most Popular Fantasy-Adventure Feature Films With At Least 10000 Votes - IMDb,http://www.imdb.com/title/tt1298650/reviews?filter=chrono#ynd_3651621,english,Movie,1,0,0
draftdubya,,2ae4737d20cdc0f109d46a3c801a9999fc70a97e,,9,,0,0,0,0,0,0,0,0,2017-03-01T02:00:47.791+02:00,2017-02-28T02:00:00.000+02:00,0,discussions,www.imdb.com,The Babadook Reviews & Ratings - IMDb,0,The Babadook,9,,5082353b7fc8b6ae9951694457a8ea5c840b2d43,"http://www.imdb.com/search/title?count=100&genres=horror,drama&num_votes=10000,&title_type=feature&view=simple",2017-01-13T02:00:00.000+02:00,10,http://www.imdb.com/title/tt2321549/reviews?filter=chrono,US,imdb.com,IMDb: Most Popular Horror-Drama Feature Films With At Least 10000 Votes - IMDb,http://www.imdb.com/title/tt2321549/reviews?filter=chrono#ynd_3650047,english,Movie,1,0,0
DL M,,c5034b80f0b198bc97494133ff7b69e52de42b14,Dining overated,0,,0,0,0,0,0,0,0,0,2017-03-29T14:41:09.836+03:00,2017-03-19T02:00:00.000+02:00,0.017,discussions,www.tripadvisor.com,"Dining overated - Review of Trump International Hotel and Tower New York, New York City, NY - TripAdvisor",0,Dining overated,0,https://media-cdn.tripadvisor.com/media/photo-s/0d/c0/20/c3/trump-international-hotel.jpg,c5034b80f0b198bc97494133ff7b69e52de42b14,https://www.tripadvisor.com/Hotel_Review-g60763-d93623-Reviews-Trump_International_Hotel_and_Tower_New_York-New_York_City_New_York.html,2017-03-19T02:00:00.000+02:00,1,https://www.tripadvisor.com/ShowUserReviews-g60763-d93623-r468652345-Trump_International_Hotel_and_Tower_New_York-New_York_City_New_York.html,US,tripadvisor.com,Trump International Hotel and Tower New York - UPDATED 2017 Reviews &amp; Price Comparison (New York City) - TripAdvisor,https://www.tripadvisor.com/ShowUserReviews-g60763-d93623-r468652345-Trump_International_Hotel_and_Tower_New_York-New_York_City_New_York.html,english,Hotel,1,0.110088383,0.142857143
Einar R,,616748dfb80c1bf78aa8df4f095d4678f71f41ed,Torn expectations,0,,0,0,0,0,0,0,0,0,2017-03-29T14:09:45.050+03:00,2017-03-08T02:00:00.000+02:00,0.001,discussions,www.tripadvisor.com,"Torn expectations - Review of Hotel Torino, Rome, Italy - TripAdvisor",0,Torn expectations,1,https://media-cdn.tripadvisor.com/media/photo-s/0d/e3/99/1d/686609-guest-room.jpg,616748dfb80c1bf78aa8df4f095d4678f71f41ed,https://www.tripadvisor.com/Hotel_Review-g187791-d232860-Reviews-Hotel_Torino-Rome_Lazio.html,2017-03-08T02:00:00.000+02:00,2,https://www.tripadvisor.com/ShowUserReviews-g187791-d232860-r465662325-Hotel_Torino-Rome_Lazio.html,US,tripadvisor.com,"Hotel Torino - UPDATED 2017 Reviews &amp; Price Comparison (Rome, Italy) - TripAdvisor",https://www.tripadvisor.com/ShowUserReviews-g187791-d232860-r465662325-Hotel_Torino-Rome_Lazio.html,english,Hotel,1,0.160128558,0.181818182
johnaw894,,142a9f1af5a272aa60472044876a03697d11a6a3,Room smelled like cigarettes,0,,0,0,0,0,0,0,0,0,2017-03-29T14:34:01.494+03:00,2017-03-22T02:00:00.000+02:00,0.001,discussions,www.tripadvisor.com,"Room smelled like cigarettes - Review of The Roger, New York City, NY - TripAdvisor",0,Room smelled like cigarettes,0,https://media-cdn.tripadvisor.com/media/photo-s/0d/f2/92/18/terrace-with-esbview.jpg,142a9f1af5a272aa60472044876a03697d11a6a3,https://www.tripadvisor.com/Hotel_Review-g60763-d80110-Reviews-or10-The_Roger-New_York_City_New_York.html,2017-03-22T02:00:00.000+02:00,1,https://www.tripadvisor.com/ShowUserReviews-g60763-d80110-r469397695-The_Roger-New_York_City_New_York.html,US,tripadvisor.com,The Roger - UPDATED 2017 Hotel Reviews &amp; Price Comparison (New York City) - TripAdvisor,https://www.tripadvisor.com/ShowUserReviews-g60763-d80110-r469397695-The_Roger-New_York_City_New_York.html,english,Hotel,1,0.146784511,0.166666667
Marion P,,f9ae46e1eb5ade04c86798c81556ce271c97d174,Very disappointing!,0,,0,0,0,0,0,0,0,0,2017-03-27T05:15:23.904+03:00,2017-03-05T02:00:00.000+02:00,0,discussions,www.tripadvisor.com,"Very disappointing! - Review of Mercure Paris Terminus Nord, Paris, France - TripAdvisor",0,Very disappointing!,0,https://media-cdn.tripadvisor.com/media/photo-s/0e/c0/83/7c/exterior.jpg,f9ae46e1eb5ade04c86798c81556ce271c97d174,https://www.tripadvisor.com/Hotel_Review-g187147-d653824-Reviews-Mercure_Paris_Terminus_Nord-Paris_Ile_de_France.html,2017-03-05T02:00:00.000+02:00,1,https://www.tripadvisor.com/ShowUserReviews-g187147-d653824-r464843947-Mercure_Paris_Terminus_Nord-Paris_Ile_de_France.html,US,tripadvisor.com,Mercure Paris Terminus Nord - UPDATED 2017 Hotel Reviews &amp; Price Comparison (France) - TripAdvisor,https://www.tripadvisor.com/ShowUserReviews-g187147-d653824-r464843947-Mercure_Paris_Terminus_Nord-Paris_Ile_de_France.html,english,Hotel,1,0.135493395,0.153846154
AnaD8011,,779bf4b8f55f95c14554a6bd61d82d7aa919055e,mold smell throughout the hotel,0,,0,0,0,0,0,0,0,0,2017-03-27T07:53:20.477+03:00,2017-03-01T02:00:00.000+02:00,0,discussions,www.tripadvisor.com,"mold smell throughout the hotel - Review of Adagio Access Paris Tour Eiffel Saint Charles, Paris, France - TripAdvisor",0,mold smell throughout the hotel,0,https://media-cdn.tripadvisor.com/media/photo-s/0b/68/7d/42/exterior.jpg,779bf4b8f55f95c14554a6bd61d82d7aa919055e,https://www.tripadvisor.com/Hotel_Review-g187147-d578345-Reviews-Adagio_Access_Paris_Tour_Eiffel_Saint_Charles-Paris_Ile_de_France.html,2017-03-01T02:00:00.000+02:00,1,https://www.tripadvisor.com/ShowUserReviews-g187147-d578345-r452319538-Adagio_Access_Paris_Tour_Eiffel_Saint_Charles-Paris_Ile_de_France.html,US,tripadvisor.com,Adagio Access Paris Tour Eiffel Saint Charles - UPDATED 2017 Hotel Reviews &amp; Price Comparison (France) - TripAdvisor,https://www.tripadvisor.com/ShowUserReviews-g187147-d578345-r452319538-Adagio_Access_Paris_Tour_Eiffel_Saint_Charles-Paris_Ile_de_France.html,english,Hotel,1,0.110088383,0.125
ahmed_ali_6687,,57c06a18bc9a0e591d006884aeacc2835fdb1388,Room size,0,,0,0,0,0,0,0,0,0,2017-03-28T22:46:53.321+03:00,2017-03-20T02:00:00.000+02:00,0.21,discussions,www.tripadvisor.com,"Room size - Review of Hotel Balzac, Paris, France - TripAdvisor",0,Room size,0,https://media-cdn.tripadvisor.com/media/photo-s/08/1e/a4/3b/hotel-balzac.jpg,57c06a18bc9a0e591d006884aeacc2835fdb1388,https://www.tripadvisor.com/Hotel_Review-g187147-d194305-Reviews-Hotel_Balzac-Paris_Ile_de_France.html,2017-03-20T02:00:00.000+02:00,1,https://www.tripadvisor.com/ShowUserReviews-g187147-d194305-r468910390-Hotel_Balzac-Paris_Ile_de_France.html,US,tripadvisor.com,"Hotel Balzac - UPDATED 2017 Reviews &amp; Price Comparison (Paris, France) - TripAdvisor",https://www.tripadvisor.com/ShowUserReviews-g187147-d194305-r468910390-Hotel_Balzac-Paris_Ile_de_France.html,english,Hotel,1,0.160128558,0.181818182
niraM83,,409770b0d8699bba9fff3ee66aaea4eb4e7cd8c5,Rooms require renovation,0,,0,0,0,0,0,0,0,0,2017-03-28T07:28:01.364+03:00,2017-03-22T02:00:00.000+02:00,0.005,discussions,www.tripadvisor.com,"Rooms require renovation - Review of Ibis Budget Paris Porte de Pantin, Pantin, France - TripAdvisor",0,Rooms require renovation,0,https://media-cdn.tripadvisor.com/media/photo-s/0a/4e/09/f9/chambre-famille.jpg,409770b0d8699bba9fff3ee66aaea4eb4e7cd8c5,https://www.tripadvisor.com/Hotel_Review-g196584-d300721-Reviews-Ibis_Budget_Paris_Porte_de_Pantin-Pantin_Seine_Saint_Denis_Ile_de_France.html,2017-03-22T02:00:00.000+02:00,1,https://www.tripadvisor.com/ShowUserReviews-g196584-d300721-r469369350-Ibis_Budget_Paris_Porte_de_Pantin-Pantin_Seine_Saint_Denis_Ile_de_France.html,US,tripadvisor.com,Ibis Budget Paris Porte de Pantin - UPDATED 2017 Hotel Reviews &amp; Price Comparison (France) - TripAdvisor,https://www.tripadvisor.com/ShowUserReviews-g196584-d300721-r469369350-Ibis_Budget_Paris_Porte_de_Pantin-Pantin_Seine_Saint_Denis_Ile_de_France.html,english,Hotel,1,0.117427609,0.133333333
Jonas R,,2b5d37c8e5e08b86503060d22dfc6cd9e50dd929,Got scammed,0,,0,0,0,0,0,0,0,0,2017-03-28T10:46:11.728+03:00,2017-03-16T02:00:00.000+02:00,0.001,discussions,www.tripadvisor.com,"Got scammed - Review of Ibis Paris Montmartre 18eme, Paris, France - TripAdvisor",0,Got scammed,0,https://media-cdn.tripadvisor.com/media/photo-s/04/0e/b1/dc/ibis-paris-montmartre.jpg,2b5d37c8e5e08b86503060d22dfc6cd9e50dd929,https://www.tripadvisor.com/Hotel_Review-g187147-d197571-Reviews-Ibis_Paris_Montmartre_18eme-Paris_Ile_de_France.html,2017-03-16T02:00:00.000+02:00,1,https://www.tripadvisor.com/ShowUserReviews-g187147-d197571-r467941405-Ibis_Paris_Montmartre_18eme-Paris_Ile_de_France.html,US,tripadvisor.com,Ibis Paris Montmartre 18eme - UPDATED 2017 Hotel Reviews &amp; Price Comparison (France) - TripAdvisor,https://www.tripadvisor.com/ShowUserReviews-g187147-d197571-r467941405-Ibis_Paris_Montmartre_18eme-Paris_Ile_de_France.html,english,Hotel,1,0.135493395,0.153846154
debbieg377,,f7f3978edf2bfe4fe8864c584adf1f041bcf8972,Not a 4 star hotel!!!,0,,0,0,0,0,0,0,0,0,2017-03-28T20:41:46.152+03:00,2017-03-19T02:00:00.000+02:00,0,discussions,www.tripadvisor.com,"Not a 4 star hotel!!! - Review of Hotel Franklin D. Roosevelt, Paris, France - TripAdvisor",0,Not a 4 star hotel!!!,1,https://media-cdn.tripadvisor.com/media/photo-s/0e/3b/ff/5b/junior-suite-room.jpg,f7f3978edf2bfe4fe8864c584adf1f041bcf8972,https://www.tripadvisor.com/Hotel_Review-g187147-d261990-Reviews-Hotel_Franklin_D_Roosevelt-Paris_Ile_de_France.html,2017-03-19T02:00:00.000+02:00,2,https://www.tripadvisor.com/ShowUserReviews-g187147-d261990-r468618755-Hotel_Franklin_D_Roosevelt-Paris_Ile_de_France.html,US,tripadvisor.com,"Hotel Franklin D. Roosevelt - UPDATED 2017 Reviews &amp; Price Comparison (Paris, France) - TripAdvisor",https://www.tripadvisor.com/ShowUserReviews-g187147-d261990-r468618755-Hotel_Franklin_D_Roosevelt-Paris_Ile_de_France.html,english,Hotel,1,0.146784511,0.166666667
jerryang123,,7fcf84af29a93451ff2808379d26272a2cb9f6ad,Worst service you could possibly get,0,,0,0,0,0,0,0,0,0,2017-03-29T11:55:33.756+03:00,2017-03-19T02:00:00.000+02:00,0,discussions,www.tripadvisor.com,"Worst service you could possibly get - Review of Hotel Westside Arc de Triomphe, Paris, France - TripAdvisor",0,Worst service you could possibly get,1,https://media-cdn.tripadvisor.com/media/photo-s/06/07/f4/7a/chambre-superieure.jpg,7fcf84af29a93451ff2808379d26272a2cb9f6ad,https://www.tripadvisor.com/Hotel_Review-g187147-d197503-Reviews-Hotel_Westside_Arc_de_Triomphe-Paris_Ile_de_France.html,2017-03-19T02:00:00.000+02:00,2,https://www.tripadvisor.com/ShowUserReviews-g187147-d197503-r468536781-Hotel_Westside_Arc_de_Triomphe-Paris_Ile_de_France.html,US,tripadvisor.com,"Hotel Westside Arc de Triomphe - UPDATED 2017 Reviews &amp; Price Comparison (Paris, France) - TripAdvisor",https://www.tripadvisor.com/ShowUserReviews-g187147-d197503-r468536781-Hotel_Westside_Arc_de_Triomphe-Paris_Ile_de_France.html,english,Technology,0,0,0
Lost S,,19548cccb7050a95027d97ac275b43ea99b3a4b3,Filthy and tiny rooms,0,,0,0,0,0,0,0,0,0,2017-03-29T14:48:25.075+03:00,2017-03-24T03:00:00.000+03:00,0.025,discussions,www.tripadvisor.com,"Filthy and tiny rooms - Review of Wellington Hotel, New York City, NY - TripAdvisor",0,Filthy and tiny rooms,0,https://media-cdn.tripadvisor.com/media/photo-s/07/06/a1/92/wellington-hotel.jpg,19548cccb7050a95027d97ac275b43ea99b3a4b3,https://www.tripadvisor.com/Hotel_Review-g60763-d99307-Reviews-Wellington_Hotel-New_York_City_New_York.html,2017-03-24T03:00:00.000+03:00,1,https://www.tripadvisor.com/ShowUserReviews-g60763-d99307-r469926403-Wellington_Hotel-New_York_City_New_York.html,US,tripadvisor.com,Wellington Hotel - UPDATED 2017 Reviews &amp; Price Comparison (New York City) - TripAdvisor,https://www.tripadvisor.com/ShowUserReviews-g60763-d99307-r469926403-Wellington_Hotel-New_York_City_New_York.html,english,Technology,0,0,0
Sherlan T,,45e43403c61443dd5d8a01663ceaaa921b5fd9c1,This was the worse hotel I have ever been in,0,,0,0,0,0,0,0,0,0,2017-03-29T07:37:15.826+03:00,2017-03-14T02:00:00.000+02:00,0.006,discussions,www.tripadvisor.com,"This was the worse hotel I have ever been in - Review of Days Inn Hotel New York City-Broadway, New York City, NY - TripAdvisor",0,This was the worse hotel I have ever been in,0,https://media-cdn.tripadvisor.com/media/photo-s/06/2a/5f/4a/welcome-to-days-hotel.jpg,45e43403c61443dd5d8a01663ceaaa921b5fd9c1,https://www.tripadvisor.com/Hotel_Review-g60763-d142114-Reviews-Days_Inn_Hotel_New_York_City_Broadway-New_York_City_New_York.html,2017-03-14T02:00:00.000+02:00,1,https://www.tripadvisor.com/ShowUserReviews-g60763-d142114-r467314073-Days_Inn_Hotel_New_York_City_Broadway-New_York_City_New_York.html,US,tripadvisor.com,Days Inn Hotel New York City-Broadway - UPDATED 2017 Reviews &amp; Price Comparison - TripAdvisor,https://www.tripadvisor.com/ShowUserReviews-g60763-d142114-r467314073-Days_Inn_Hotel_New_York_City_Broadway-New_York_City_New_York.html,english,Technology,0,0,0
cmsgreek,,6e008a1e6f916a0d45e046dbae34242fe8a6ec20,Very dirty; nearly inhabitable,0,,0,0,0,0,0,0,0,0,2017-03-29T06:12:45.348+03:00,2017-03-21T02:00:00.000+02:00,0.005,discussions,www.tripadvisor.com,"Very dirty; nearly inhabitable - Review of Riff Chelsea, New York City, NY - TripAdvisor",0,Very dirty; nearly inhabitable,0,https://media-cdn.tripadvisor.com/media/photo-s/07/11/72/2c/premium-single-room.jpg,6e008a1e6f916a0d45e046dbae34242fe8a6ec20,https://www.tripadvisor.com/Hotel_Review-g60763-d208888-Reviews-Riff_Chelsea-New_York_City_New_York.html,2017-03-21T02:00:00.000+02:00,1,https://www.tripadvisor.com/ShowUserReviews-g60763-d208888-r469069316-Riff_Chelsea-New_York_City_New_York.html,US,tripadvisor.com,Riff Chelsea - UPDATED 2017 Hotel Reviews &amp; Price Comparison (New York City) - TripAdvisor,https://www.tripadvisor.com/ShowUserReviews-g60763-d208888-r469069316-Riff_Chelsea-New_York_City_New_York.html,english,Technology,0,0,0
Clairecookson,,cbe5f6b05a00e4586f22dc31ed9446c85ebc7f47,Not 4 Star!!,0,,0,0,0,0,0,0,0,0,2017-03-29T03:09:06.058+03:00,2017-03-14T02:00:00.000+02:00,0,discussions,www.tripadvisor.com,"Not 4 Star!! - Review of Jingshan Garden Hotel, Beijing, China - TripAdvisor",0,Not 4 Star!!,0,https://media-cdn.tripadvisor.com/media/daodao/photo-s/02/9e/96/39/getlstd-property-photo.jpg,cbe5f6b05a00e4586f22dc31ed9446c85ebc7f47,https://www.tripadvisor.com/Hotel_Review-g294212-d2176982-Reviews-Jingshan_Garden_Hotel-Beijing.html,2017-03-14T02:00:00.000+02:00,1,https://www.tripadvisor.com/ShowUserReviews-g294212-d2176982-r467246948-Jingshan_Garden_Hotel-Beijing.html,US,tripadvisor.com,"Jingshan Garden Hotel - UPDATED 2017 Reviews &amp; Price Comparison (Beijing, China) - TripAdvisor",https://www.tripadvisor.com/ShowUserReviews-g294212-d2176982-r467246948-Jingshan_Garden_Hotel-Beijing.html,english,Technology,0,0,0
porttechnology.org,,568897479623ce56c51a3d1618b34cb4b11393fe,Tianjin Tragedy Still Hurting Ports,0,,0,0,0,0,0,0,0,0,2015-10-26T21:55:51.635+02:00,2015-10-26T02:00:00.000+02:00,0,news,www.porttechnology.org,Tianjin Tragedy Still Hurting Ports,0,Tianjin Tragedy Still Hurting Ports,0,https://www.porttechnology.org/images/made/images/uploads/news/_84914425_1f15ab34-ddfc-4016-a2a0-0bb7b298b593_360_203.jpg,f9f07fcebc0e04d1e0f6608676c8788009a49393,http://feeds.feedburner.com/PortTechnologyInternational-News,2015-10-26T02:00:00.000+02:00,1,https://www.porttechnology.org/news/tianjin_tragedy_still_hurting_ports/?utm_source=Feeds&utm_campaign=News&utm_medium=rss,GB,porttechnology.org,Port Technology International - News,https://www.porttechnology.org/news/tianjin_tragedy_still_hurting_ports/,english,Finance,0,0,0
,,23df8bfbae866c8ee11f2012f160ab2fed0cef65,ViewSonic Showcases Collaborative Solutions with Interactive Displays and VDI Products,0,,0,0,0,0,0,0,0,0,2015-10-26T04:43:03.692+02:00,2015-10-25T18:00:00.000+02:00,0,news,www.businesswire.com,ViewSonic Showcases Collaborative Solutions with Interactive Displays and VDI Products,0,ViewSonic Showcases Collaborative Solutions with Interactive Displays and VDI Products,0,,23df8bfbae866c8ee11f2012f160ab2fed0cef65,http://feed.businesswire.com/rss/home/?rss=G1QFDERJXkJeGVpSWw==,2015-10-25T18:00:00.000+02:00,0,http://www.businesswire.com/news/home/20151025005003/en/ViewSonic-Showcases-Collaborative-Solutions-Interactive-Displays-VDI,US,businesswire.com,Business Wire Technology: Consumer Electronics News,http://www.businesswire.com/news/home/20151025005003/en/ViewSonic-Showcases-Collaborative-Solutions-Interactive-Displays-VDI,english,Finance,0,0,0
,,17da5dd497f3a61f8cc13cd938a1278b7b0a58ac,Facebook censors ads for this womens health device,0,,0,0,0,0,0,0,0,0,2015-10-26T05:20:20.626+02:00,2015-10-25T17:19:00.000+02:00,0,news,www.industriesnews.net,Facebook censors ads for this womens health device,0,Facebook censors ads for this womens health device,0,,17da5dd497f3a61f8cc13cd938a1278b7b0a58ac,http://www.industriesnews.net/rss.php/?ind=technology,2015-10-25T17:19:00.000+02:00,0,http://www.industriesnews.net/story?sid=s237949949&cid=400,US,industriesnews.net,industriesnews.net  - Breaking Technology News latest RSS headlines,http://www.industriesnews.net/story?sid=s237949949&cid=400,english,Finance,0,0,0
Reuters,,d5dbce22deac8100592ace2470b4fe1a138baca5,BRIEF-Kingsignal Technology to invest 150 mln yuan to set up JV with partner,0,,0,0,0,0,0,0,0,0,2015-10-26T12:17:34.328+02:00,2015-10-26T11:13:00.000+02:00,0,news,feeds.reuters.com,BRIEF-Kingsignal Technology to invest 150 mln yuan to set up JV with partner | Reuters,0,BRIEF-Kingsignal Technology to invest 150 mln yuan to set up JV with partner,0,,d5dbce22deac8100592ace2470b4fe1a138baca5,http://feeds.reuters.com/reuters/technologysectorNews,2015-10-26T11:13:00.000+02:00,1,http://feeds.reuters.com/~r/reuters/technologysectorNews/~3/1q_Eja4GSnE/story01.htm,US,reuters.com,Reuters: Technology,http://feeds.reuters.com/~r/reuters/technologysectorNews/~3/1q_Eja4GSnE/story01.htm,english,Finance,0,0,0
Financeexpress.com,,35d7a54aae7a8827fc2f50b3d23713d7790badb7,Asian Paints shares fall on weak Q2 numbers,0,,0,0,0,0,0,0,0,0,2015-10-26T11:52:54.953+02:00,2015-10-26T19:50:00.000+02:00,0,news,www.Financeexpress.com,Asian Paints shares fall on weak Q2 numbers | The Finance Express,0,Asian Paints shares fall on weak Q2 numbers,0,http://www.Financeexpress.com/wp-content/uploads/2015/07/ASIAN-PAINTS-S.jpg,35d7a54aae7a8827fc2f50b3d23713d7790badb7,http://www.Financeexpress.com/section/lifestyle/science/,2015-10-26T19:50:00.000+02:00,1,http://www.Financeexpress.com/article/markets/indian-markets/asian-stocks-on-q2-numbers-on-bse-sensex-nse-nifty-on-october-26-2015/156850,IE,Financeexpress.com,"Science News:Latest Science News,Science News Today,Science and Technology News | The Finance Express",http://www.Financeexpress.com/article/markets/indian-markets/asian-stocks-on-q2-numbers-on-bse-sensex-nse-nifty-on-october-26-2015/156850,english,Finance,0,0.250452175,0.125
Josh Beckerman,,63fbc391c092b09129d6131db25e5bb0047cab10,FDA Seeks More Information on Zogenix Phase 3 Program for ZX008,0,,0,0,0,0,0,0,0,0,2015-10-20T19:57:12.253+03:00,2015-10-20T18:13:00.000+03:00,0,news,www.wsj.com,FDA Seeks More Information on Zogenix Phase 3 Program for ZX008 - WSJ,0,FDA Seeks More Information on Zogenix Phase 3 Program for ZX008,0,,63fbc391c092b09129d6131db25e5bb0047cab10,http://www.wsj.com/europe,2015-10-20T18:13:00.000+03:00,1,http://www.wsj.com/articles/fda-seeks-more-information-on-zogenix-phase-3-program-for-zx008-1445291862,,wsj.com,"The Wall Street Journal &amp; Breaking News, Business, Finance and Economic News, World News and Video",http://www.wsj.com/articles/fda-seeks-more-information-on-zogenix-phase-3-program-for-zx008-1445291862,english,Finance,0,0.192655519,0.272727273
